Key,Japanese,English
Key,Japanese,English
UI_LANG_JP,日本語,Japanese
UI_LANG_EN,英語,English
確定,確定,OK
キャンセル,キャンセル,Cancel
戻る,戻る,Back
時間制限,時間制限,Time Limit
★時間条件,★時間条件,★ Time Condition
★死亡数条件,★死亡数条件,★ Death Count Condition
難易度,難易度,Difficulty
カオスバフ,カオスバフ,Chaos Buff
なし,なし,None
人数,人数,Players
基本値,基本値,Base Value
HP補正,HP補正,HP Mod
Atk補正,Atk補正,Atk Mod
カオスグレイン,カオスグレイン,Chaos Grain
因子ドロップ数,因子ドロップ数,Gene Drops
ソロ,ソロ,Soloお
マルチ,マルチ,Multi
虚無,虚無,None
分岐名,分岐名,Branch Name
分岐ID条件,分岐ID条件,Branch ID
終了時間変化,終了時間変化,End Time Change
非終了,非終了,No End
分岐ID条件いずれか,分岐ID条件いずれか,Branch ID Condition
追加条件,追加条件,Additional Condition
長押し時間f,長押し時間f,Hold Time (f)
MP消費,MP消費,MP Cost
UI非表示,UI非表示,Hide UI
分岐先ID,分岐先ID,Future ID
分岐後攻撃時間(フレーム),分岐後攻撃時間(フレーム),Attack Time After Branch (f)
移動減速,移動減速,Speed Reduction
ジャンプ不可,ジャンプ不可,No Jump
ダッシュ不可,ダッシュ不可,No Dash
照準モード,照準モード,Aim Mode
無重力,無重力,No Gravity
無敵,無敵,Invincible
弾オブジェクト,弾オブジェクト,Shot Object
発射,発射,Fire
命中効果,命中効果,Hit Effect
追加弾,追加弾,Add Shot
召喚設定,召喚設定,Summon Settings
多段ヒットCT(0以下は単発ヒット),多段ヒットCT(0以下は単発ヒット),Multi-hit CT (0 or less is single)
UI_OK,確定,OK
UI_CANCEL,キャンセル,Cancel
UI_BACK,戻る,Back
SYSTEM_LEFT_ROOM,{0}が退室しました,{0} left the room.
UNIT_SEC,秒,sec
UNIT_LEVEL,段階,level
UNIT_TIME,時間,Time
UNIT_F_PER_HIT,f/Hit,f/Hit
UNIT_10K,万,10K
UNIT_100M,億,100M
UNIT_1T,兆,1T
UNIT_10Q,京,10Q
UNIT_100Q,亥,100Q
LABEL_ENEMY,敵,Enemy
LABEL_FRIEND,味方,Ally
LABEL_SELF,自身,Self
LABEL_HEAL,回復,Heal
LABEL_ATK,攻撃,Attack
LABEL_SHORT,近距離,Short Range
LABEL_LONG,遠距離,Long Range
LABEL_BREAK,ブレイク,Break
LABEL_MULTIHIT_CHANGE,多段ヒットダメージ変化,Multi-hit damage change
LABEL_ADD,追加,Add
LABEL_SUMMON_TIME,召喚時間,Summon Time
LABEL_SUMMON_HP,召喚HP補正,Summon HP Mod
LABEL_SUMMON_ATK,召喚ATK補正,Summon ATK Mod
LABEL_MULTIHIT,多段,Multi-hit
LABEL_HIT,ヒット,Hit
LABEL_TIME_LIMIT,時間制限,Time Limit
LABEL_TIME_STAR,★時間条件,★ Time Condition
Enum_GeneTypes_体力,体力,Stamina
Enum_GeneTypes_攻撃,攻撃,Attack
Enum_GeneTypes_防御,防御,Defense
Enum_GeneTypes_必殺,必殺,Special
Enum_GeneTypes_速度,速度,Speed
Enum_GeneTypes_一撃,一撃,Single Hit
Enum_GeneTypes_毒殺,毒殺,Poison
Enum_GeneTypes_混沌,混沌,Chaos
Enum_GeneTypes_通常,通常,Normal
Enum_GeneTypes_スキル,スキル,Skill
Enum_GeneTypes_落下,落下,Falling
Enum_GeneFormat_形状1,形状1,Format 1
Enum_GeneFormat_形状2,形状2,Format 2
Enum_GeneFormat_形状3,形状3,Format 3
Enum_GeneFormat_形状4,形状4,Format 4
Enum_GeneFormat_形状5,形状5,Format 5
Enum_GeneOptions_最大HP,最大HP,Max HP
Enum_GeneOptions_HP回復速度,HP回復速度,HP Regen Speed
Enum_GeneOptions_最大MP,最大MP,Max MP
Enum_GeneOptions_MP回復速度,MP回復速度,MP Regen Speed
Enum_GeneOptions_SP回復速度,SP回復速度,SP Regen Speed
Enum_GeneOptions_SP回復量,SP回復量,SP Recovery
Enum_GeneOptions_攻撃力,攻撃力,Attack Power
Enum_GeneOptions_防御力,防御力,Defense Power
Enum_GeneOptions_近ダメージ,近ダメージ,Short Range Damage
Enum_GeneOptions_遠ダメージ,遠ダメージ,Long Range Damage
Enum_GeneOptions_通常ダメージ,通常ダメージ,Normal Damage
Enum_GeneOptions_重撃ダメージ,重撃ダメージ,Heavy Damage
Enum_GeneOptions_落下ダメージ,落下ダメージ,Falling Damage
Enum_GeneOptions_スキルダメージ,スキルダメージ,Skill Damage
Enum_GeneOptions_必殺ダメージ,必殺ダメージ,Special Damage
LABEL_BASE,基本,Base
LABEL_GENE,因子,Factor
LABEL_PASSIVE,パッシブ,Passive
LABEL_INFINITE_TIME,時間無限,Infinite Time
Const_Ttp_BID,"分岐ID条件\n-だと無条件","Branch ID condition\n- is unconditional"
Const_Ttp_Times,"時間条件\n攻撃時間がx～yフレームの間\nzフレーム間隔","Time condition\nAttack time is between x and y frames\nz frame intervals"
Enum_Passive_HP増加,HP増加,HP Increase
Enum_Passive_自然再生,自然再生,Natural Regen
Enum_Passive_MP増加,MP増加,MP Increase
Enum_Passive_攻撃力増加,攻撃力増加,Attack Increase
Enum_Passive_防御力増加,防御力増加,Defense Increase
Enum_Passive_速度増加,速度増加,Speed Increase
Enum_Stage_チュートリアル,チュートリアル,Tutorial
Enum_Stage_テスト,テスト,Test
Enum_Stage_ザコ,ザコ敵,Minions
Enum_Bufs_HP増加,HP増加,HP Increase
Enum_Bufs_攻撃増加,攻撃増加,Atk Increase
Enum_Bufs_防御増加,防御増加,Def Increase
Enum_Bufs_毒,毒,Poison
Enum_Bufs_シールド,シールド,Shield
Enum_Bufs_バリア,バリア,Barrier

英<->En,英<->En,英<->En
因子入手,因子入手,因子入手
←戻る,←戻る,←戻る
名前入力...,名前入力...,名前入力...
×100,×100,×100
サブ3,サブ3,サブ3
×10,×10,×10
ランダム,ランダム,ランダム
サブ2,サブ2,サブ2
サブ1,サブ1,サブ1
メイン,メイン,メイン
形状,形状,形状
タイプ,タイプ,タイプ
因子数:15/200,因子数:15/200,因子数:15/200
カオスグライン:100,カオスグライン:100,カオスグライン:100
因子作成,因子作成,因子作成
因子数:1/200,因子数:1/200,因子数:1/200
因子破壊,因子破壊,因子破壊
因子復元,因子復元,因子復元
因子強化,因子強化,因子強化
ロック,ロック,ロック
メイン\nステータス,メイン\nステータス,メイン\nステータス
"「因子X」
攻撃:形状1","「因子X」
攻撃:形状1","「因子X」
攻撃:形状1"
詳細表示,詳細表示,詳細表示
"最大HP
1400000<size=60%>
基礎1000000
因子10000
パッシブ+20%</size>
攻撃力
200000<size=60%>
基礎100000
因子30000
パッシブ+10%</size>","最大HP
1400000<size=60%>
基礎1000000
因子10000
パッシブ+20%</size>
攻撃力
200000<size=60%>
基礎100000
因子30000
パッシブ+10%</size>","最大HP
1400000<size=60%>
基礎1000000
因子10000
パッシブ+20%</size>
攻撃力
200000<size=60%>
基礎100000
因子30000
パッシブ+10%</size>"
メモ入力...,メモ入力...,メモ入力...
表示入力...,表示入力...,表示入力...
剣,剣,剣
ソード,ソード,ソード
詳細,詳細,詳細
あ,あ,あ
無,無,無
フィルター,フィルター,フィルター
[1],[1],[1]
サブメンバー,サブメンバー,サブメンバー
"選
択
し
て
変
更","選
択
し
て
変
更","選
択
し
て
変
更"
プリセット,プリセット,プリセット
その他,その他,その他
サブAI,サブAI,サブAI
因子,因子,因子
"攻撃
パッシブ","攻撃
パッシブ","攻撃
パッシブ"
キャラ,キャラ,キャラ
ステータス,ステータス,ステータス
<=>,<=>,<=>
テキスト入力...,テキスト入力...,テキスト入力...
キャラセット,キャラセット,CharacterSet
"パ
ッ
シ
ブ","パ
ッ
シ
ブ","パ
ッ
シ
ブ"
"裏
攻
撃","裏
攻
撃","裏
攻
撃"
"表
攻
撃","表
攻
撃","表
攻
撃"
URP,URP,URP
[10],[10],[10]
スタート,スタート,スタート
リセット,リセット,リセット
デバッグUI,デバッグUI,デバッグUI
ペースト,ペースト,ペースト
"No
","No
","No
"
Yes,Yes,Yes
Close Game?,Close Game?,Close Game?
最下削除,最下削除,最下削除
コピー,コピー,コピー
AES復元,AES復元,AES復元
AES化,AES化,AES化
文字列テスト,文字列テスト,文字列テスト
攻撃計算,攻撃計算,攻撃計算
キー削減化,キー削減化,キー削減化
ブラウザを開く,ブラウザを開く,ブラウザを開く
オプション,オプション,Option
←閉じる,←閉じる,←閉じる
"ソロ   ☆☆☆
マルチ☆☆☆","ソロ   ☆☆☆
マルチ☆☆☆","ソロ   ☆☆☆
マルチ☆☆☆"
すてーじ,すてーじ,すてーじ
ノーマル,ノーマル,ノーマル
インポート,インポート,インポート
キー削減復元,キー削減復元,キー削減復元
最短,最短,最短
"感想
フィードバック","感想
フィードバック","感想
フィードバック"
Base64化,Base64化,Base64化
中断,中断,中断
メニュー,メニュー,メニュー
デバッグ表示,デバッグ表示,デバッグ表示
キー割り当て,キー割り当て,キー割り当て
ゲーム,ゲーム,ゲーム
ベース,ベース,ベース
高,高,高
100%,100%,100%
System音量,System音量,SystemVolume
SE音量,SE音量,SEVolume
BGM音量,BGM音量,BGMVolume
音量,音量,Volume
"セーブデータ
入出力","セーブデータ
入出力","セーブデータ
入出力"
Base64復元,Base64復元,Base64復元
abc123壱二餐あ,abc123壱二餐あ,abc123壱二餐あ
ぶろっこりー,ぶろっこりー,ぶろっこりー
閉じる,閉じる,閉じる
エクスポート,エクスポート,エクスポート
ヒット10f,ヒット10f,ヒット10f
"分岐
タイミング","分岐
タイミング","分岐
タイミング"
A,A,A
ブラウザでリンクを開きます,ブラウザでリンクを開きます,ブラウザでリンクを開きます
1000文字,1000文字,1000文字
Chaos,カオス,Chaos
アウトテキスト,アウトテキスト,アウトテキスト
ログ,ログ,ログ
VerF.F,VerF.F,VerF.F
Botting,ボッタリング,Botting
インテキスト,インテキスト,インテキスト
アタッカー,アタッカー,アタッカー
あああ,あああ,あああ
ブラウザでAIを開きます,ブラウザでAIを開きます,ブラウザでAIを開きます
決定,決定,決定
UI移動,UI移動,UI移動
"「Wブロッコリー-8」
<size=75%>攻撃:形状1","「Wブロッコリー-8」
<size=75%>攻撃:形状1","「Wブロッコリー-8」
<size=75%>攻撃:形状1"
"「Wブロッコリー-7」
<size=75%>攻撃:形状3","「Wブロッコリー-7」
<size=75%>攻撃:形状3","「Wブロッコリー-7」
<size=75%>攻撃:形状3"
"「Wブロッコリー-6」
<size=75%>毒殺:形状1","「Wブロッコリー-6」
<size=75%>毒殺:形状1","「Wブロッコリー-6」
<size=75%>毒殺:形状1"
Mr.W<HEAD,Mr.W<HEAD,Mr.W<HEAD
WC,WC,WC
どろーん,どろーん,どろーん
詐欺師,詐欺師,詐欺師
ペンギン,ペンギン,ペンギン
焼き鳥クン,焼き鳥クン,焼き鳥クン
サンドバック,サンドバック,サンドバック
たこ,たこ,たこ
G,G,G
エッフェル塔,エッフェル塔,エッフェル塔
そーど,そーど,そーど
ブロッコリー先輩,ブロッコリー先輩,ブロッコリー先輩
ボックスさん,ボックスさん,ボックスさん
マッスルマン,マッスルマン,マッスルマン
ユニティちゃん,ユニティちゃん,ユニティちゃん
[3],[3],[3]
[2],[2],[2]
イマジナリーボウ,イマジナリーボウ,イマジナリーボウ
ヒールマジック,ヒールマジック,ヒールマジック
えふぇくとそーど,えふぇくとそーど,えふぇくとそーど
空気,空気,空気
ハーフパワーガン,ハーフパワーガン,ハーフパワーガン
RVB,RVB,RVB
ツインペーパー,ツインペーパー,ツインペーパー
ピアノ,ピアノ,ピアノ
RPG,RPG,RPG
スタッフ,スタッフ,スタッフ
鎌,鎌,鎌
メイス,メイス,メイス
やじるし,やじるし,やじるし
盾,盾,盾
パンチ,パンチ,パンチ
デカ銃,デカ銃,デカ銃
ワンド,ワンド,ワンド
槍,槍,槍
ブロッコリー,ブロッコリー,ブロッコリー
弓,弓,弓
ブレイド,ブレイド,ブレイド
銃,銃,銃
攻撃の表裏,攻撃の表裏,攻撃の表裏
通常攻撃,通常攻撃,通常攻撃
スキル,スキル,スキル
落下攻撃,落下攻撃,落下攻撃
重撃,重撃,重撃
ジャンプ,ジャンプ,ジャンプ
必殺技,必殺技,必殺技
Hit1f,Hit1f,Hit1f
ファイナルエッジ,ファイナルエッジ,ファイナルエッジ
ガトリング,ガトリング,ガトリング
カオスグライン:4000,カオスグライン:4000,カオスグライン:4000
複数段の攻撃ができ、長押しで重撃や空中にいる場合は落下につながったりします,複数段の攻撃ができ、長押しで重撃や空中にいる場合は落下につながったりします,複数段の攻撃ができ、長押しで重撃や空中にいる場合は落下につながったりします
"最大HP
<size=80%>500000.0</size>
HP回復速度
<size=80%>10000.0</size>
最大MP
<size=80%>400.0</size>
MP回復速度
<size=80%>50.0</size>
SP回復速度
<size=80%>5.0</size>
SP増加量
<size=80%>100.0%</size>
攻撃力
<size=80%>100000.0</size>
防御力
<size=80%>100000.0</size>
近距離ダメージ
<size=80%>100.0%</size>
遠距離ダメージ
<size=80%>100.0%</size>
通常ダメージ
<size=80%>100.0%</size>
重撃ダメージ
<size=80%>100.0%</size>
落下ダメージ
<size=80%>100.0%</size>
スキルダメージ
<size=80%>100.0%</size>
必殺ダメージ
<size=80%>100.0%</size>","最大HP
<size=80%>500000.0</size>
HP回復速度
<size=80%>10000.0</size>
最大MP
<size=80%>400.0</size>
MP回復速度
<size=80%>50.0</size>
SP回復速度
<size=80%>5.0</size>
SP増加量
<size=80%>100.0%</size>
攻撃力
<size=80%>100000.0</size>
防御力
<size=80%>100000.0</size>
近距離ダメージ
<size=80%>100.0%</size>
遠距離ダメージ
<size=80%>100.0%</size>
通常ダメージ
<size=80%>100.0%</size>
重撃ダメージ
<size=80%>100.0%</size>
落下ダメージ
<size=80%>100.0%</size>
スキルダメージ
<size=80%>100.0%</size>
必殺ダメージ
<size=80%>100.0%</size>","最大HP
<size=80%>500000.0</size>
HP回復速度
<size=80%>10000.0</size>
最大MP
<size=80%>400.0</size>
MP回復速度
<size=80%>50.0</size>
SP回復速度
<size=80%>5.0</size>
SP増加量
<size=80%>100.0%</size>
攻撃力
<size=80%>100000.0</size>
防御力
<size=80%>100000.0</size>
近距離ダメージ
<size=80%>100.0%</size>
遠距離ダメージ
<size=80%>100.0%</size>
通常ダメージ
<size=80%>100.0%</size>
重撃ダメージ
<size=80%>100.0%</size>
落下ダメージ
<size=80%>100.0%</size>
スキルダメージ
<size=80%>100.0%</size>
必殺ダメージ
<size=80%>100.0%</size>"
×1,×1,×1
ステックスマイル,ステックスマイル,ステックスマイル
因子数:8/200,因子数:8/200,因子数:8/200
"「ザコ敵-3」
<size=75%>防御:形状1","「ザコ敵-3」
<size=75%>防御:形状1","「ザコ敵-3」
<size=75%>防御:形状1"
"「ザコ敵-1」
<size=75%>攻撃:形状1","「ザコ敵-1」
<size=75%>攻撃:形状1","「ザコ敵-1」
<size=75%>攻撃:形状1"
CTカット,CTカット,CTカット
Ver0.15.6,Ver0.15.6,Ver0.15.6
"「ザコ敵-5」
<size=75%>攻撃:形状5","「ザコ敵-5」
<size=75%>攻撃:形状5","「ザコ敵-5」
<size=75%>攻撃:形状5"
"「ザコ敵-2」
<size=75%>体力:形状5","「ザコ敵-2」
<size=75%>体力:形状5","「ザコ敵-2」
<size=75%>体力:形状5"
"「ザコ敵-4」
<size=75%>攻撃:形状4","「ザコ敵-4」
<size=75%>攻撃:形状4","「ザコ敵-4」
<size=75%>攻撃:形状4"
ロングスラッシュ,ロングスラッシュ,ロングスラッシュ
日本語,日本語,日本語
101%,101%,101%
103%,103%,103%
Press Alt+F4,Press Alt+F4,Press Alt+F4
英<->En,英<->En,英<->En
因子入手,因子入手,因子入手
←戻る,←戻る,←戻る
名前入力...,名前入力...,名前入力...
×100,×100,×100
サブ3,サブ3,サブ3
×10,×10,×10
ランダム,ランダム,ランダム
サブ2,サブ2,サブ2
サブ1,サブ1,サブ1
メイン,メイン,メイン
形状,形状,形状
タイプ,タイプ,タイプ
因子数:15/200,因子数:15/200,因子数:15/200
カオスグライン:100,カオスグライン:100,カオスグライン:100
因子作成,因子作成,因子作成
因子数:1/200,因子数:1/200,因子数:1/200
因子破壊,因子破壊,因子破壊
因子復元,因子復元,因子復元
因子強化,因子強化,因子強化
ロック,ロック,ロック
メイン\nステータス,メイン\nステータス,メイン\nステータス
"「因子X」
攻撃:形状1","「因子X」
攻撃:形状1","「因子X」
攻撃:形状1"
詳細表示,詳細表示,詳細表示
"最大HP
1400000<size=60%>
基礎1000000
因子10000
パッシブ+20%</size>
攻撃力
200000<size=60%>
基礎100000
因子30000
パッシブ+10%</size>","最大HP
1400000<size=60%>
基礎1000000
因子10000
パッシブ+20%</size>
攻撃力
200000<size=60%>
基礎100000
因子30000
パッシブ+10%</size>","最大HP
1400000<size=60%>
基礎1000000
因子10000
パッシブ+20%</size>
攻撃力
200000<size=60%>
基礎100000
因子30000
パッシブ+10%</size>"
メモ入力...,メモ入力...,メモ入力...
表示入力...,表示入力...,表示入力...
剣,剣,剣
ソード,ソード,ソード
詳細,詳細,詳細
あ,あ,あ
無,無,無
フィルター,フィルター,フィルター
[1],[1],[1]
サブメンバー,サブメンバー,サブメンバー
"選
択
し
て
変
更","選
択
し
て
変
更","選
択
し
て
変
更"
プリセット,プリセット,プリセット
その他,その他,その他
サブAI,サブAI,サブAI
因子,因子,因子
"攻撃
パッシブ","攻撃
パッシブ","攻撃
パッシブ"
キャラ,キャラ,キャラ
ステータス,ステータス,ステータス
<=>,<=>,<=>
テキスト入力...,テキスト入力...,テキスト入力...
"パ
ッ
シ
ブ","パ
ッ
シ
ブ","パ
ッ
シ
ブ"
"裏
攻
撃","裏
攻
撃","裏
攻
撃"
"表
攻
撃","表
攻
撃","表
攻
撃"
URP,URP,URP
[10],[10],[10]
スタート,スタート,スタート
リセット,リセット,リセット
デバッグUI,デバッグUI,デバッグUI
ペースト,ペースト,ペースト
"No
","No
","No
"
Yes,Yes,Yes
Close Game?,Close Game?,Close Game?
最下削除,最下削除,最下削除
コピー,コピー,コピー
AES復元,AES復元,AES復元
AES化,AES化,AES化
チュートリアル,チュートリアル,Tutorial
文字列テスト,文字列テスト,文字列テスト
攻撃計算,攻撃計算,攻撃計算
キー削減化,キー削減化,キー削減化
ブラウザを開く,ブラウザを開く,ブラウザを開く
←閉じる,←閉じる,←閉じる
"ソロ   ☆☆☆
マルチ☆☆☆","ソロ   ☆☆☆
マルチ☆☆☆","ソロ   ☆☆☆
マルチ☆☆☆"
すてーじ,すてーじ,すてーじ
ノーマル,ノーマル,ノーマル
インポート,インポート,インポート
キー削減復元,キー削減復元,キー削減復元
最短,最短,最短
やめる,やめる,Quit
"感想
フィードバック","感想
フィードバック","感想
フィードバック"
Base64化,Base64化,Base64化
中断,中断,中断
メニュー,メニュー,メニュー
デバッグ表示,デバッグ表示,デバッグ表示
キー割り当て,キー割り当て,キー割り当て
ゲーム,ゲーム,ゲーム
ベース,ベース,ベース
クオリティ,クオリティ,Quality
高,高,高
100%,100%,100%
"セーブデータ
入出力","セーブデータ
入出力","セーブデータ
入出力"
Base64復元,Base64復元,Base64復元
abc123壱二餐あ,abc123壱二餐あ,abc123壱二餐あ
ぶろっこりー,ぶろっこりー,ぶろっこりー
閉じる,閉じる,閉じる
エクスポート,エクスポート,エクスポート
ヒット10f,ヒット10f,ヒット10f
"分岐
タイミング","分岐
タイミング","分岐
タイミング"
A,A,A
ブラウザでリンクを開きます,ブラウザでリンクを開きます,ブラウザでリンクを開きます
1000文字,1000文字,1000文字
アウトテキスト,アウトテキスト,アウトテキスト
ログ,ログ,ログ
Group,グループ,Group
VerF.F,VerF.F,VerF.F
インテキスト,インテキスト,インテキスト
アタッカー,アタッカー,アタッカー
あああ,あああ,あああ
ブラウザでAIを開きます,ブラウザでAIを開きます,ブラウザでAIを開きます
Press Alt+F4,Press Alt+F4,Press Alt+F4
Option A,Option A,Option A
通信中...,通信中...,通信中...
1/10,1/10,1/10
参加,参加,参加
Ver1.0.0,Ver1.0.0,Ver1.0.0
ルーム名,ルーム名,ルーム名
メッセージ,メッセージ,メッセージ
ルーム作成,ルーム作成,ルーム作成
"ランダム
参加","ランダム
参加","ランダム
参加"
"ルーム名
参加","ルーム名
参加","ルーム名
参加"
無名1683​,無名1683​,無名1683​
ロビー参加,ロビー参加,ロビー参加
ステックスマイル,ステックスマイル,ステックスマイル
プライベート,プライベート,プライベート
作成,作成,作成
退室,退室,退室
ステージ選択,ステージ選択,ステージ選択
送信,送信,送信
OK,OK,OK
"<color=#FFFFFF>プレイヤー</color>
<color=#888888>サブ</color>","<color=#FFFFFF>プレイヤー</color>
<color=#888888>サブ</color>","<color=#FFFFFF>プレイヤー</color>
<color=#888888>サブ</color>"
"マスター
変更","マスター
変更","マスター
変更"
キック,キック,キック
マスター,マスター,マスター
メッセージ...,メッセージ...,メッセージ...
Player:3/20 <color=#FF8800>OK:1/3</color>,Player:3/20 <color=#FF8800>OK:1/3</color>,Player:3/20 <color=#FF8800>OK:1/3</color>
ステージ1,ステージ1,ステージ1
"「Mr.WHead-37」
<size=75%>落下:形状1","「Mr.WHead-37」
<size=75%>落下:形状1","「Mr.WHead-37」
<size=75%>落下:形状1"
"「Mr.WHead-36」
<size=75%>落下:形状2","「Mr.WHead-36」
<size=75%>落下:形状2","「Mr.WHead-36」
<size=75%>落下:形状2"
"「Mr.WHead-35」
<size=75%>混沌:形状4","「Mr.WHead-35」
<size=75%>混沌:形状4","「Mr.WHead-35」
<size=75%>混沌:形状4"
"「Mr.WHead-34」
<size=75%>混沌:形状3","「Mr.WHead-34」
<size=75%>混沌:形状3","「Mr.WHead-34」
<size=75%>混沌:形状3"
"「Mr.WHead-33」
<size=75%>通常:形状1","「Mr.WHead-33」
<size=75%>通常:形状1","「Mr.WHead-33」
<size=75%>通常:形状1"
"「Mr.WHead-32」
<size=75%>混沌:形状4","「Mr.WHead-32」
<size=75%>混沌:形状4","「Mr.WHead-32」
<size=75%>混沌:形状4"
"「Mr.WHead-31」
<size=75%>通常:形状3","「Mr.WHead-31」
<size=75%>通常:形状3","「Mr.WHead-31」
<size=75%>通常:形状3"
"「Mr.WHead-30」
<size=75%>通常:形状5","「Mr.WHead-30」
<size=75%>通常:形状5","「Mr.WHead-30」
<size=75%>通常:形状5"
"「Mr.WHead-29」
<size=75%>落下:形状4","「Mr.WHead-29」
<size=75%>落下:形状4","「Mr.WHead-29」
<size=75%>落下:形状4"
"「ザコ敵-28」
<size=75%>体力:形状4","「ザコ敵-28」
<size=75%>体力:形状4","「ザコ敵-28」
<size=75%>体力:形状4"
"「ザコ敵-27」
<size=75%>体力:形状1","「ザコ敵-27」
<size=75%>体力:形状1","「ザコ敵-27」
<size=75%>体力:形状1"
"「ザコ敵-26」
<size=75%>防御:形状3","「ザコ敵-26」
<size=75%>防御:形状3","「ザコ敵-26」
<size=75%>防御:形状3"
"「Fall」
<size=75%>落下:形状5","「Fall」
<size=75%>落下:形状5","「Fall」
<size=75%>落下:形状5"
"「Fall」
<size=75%>落下:形状4","「Fall」
<size=75%>落下:形状4","「Fall」
<size=75%>落下:形状4"
"「Fall」
<size=75%>落下:形状3","「Fall」
<size=75%>落下:形状3","「Fall」
<size=75%>落下:形状3"
"「Fall」
<size=75%>落下:形状2","「Fall」
<size=75%>落下:形状2","「Fall」
<size=75%>落下:形状2"
"「Fall」
<size=75%>落下:形状1","「Fall」
<size=75%>落下:形状1","「Fall」
<size=75%>落下:形状1"
"「Skill」
<size=75%>スキル:形状1","「Skill」
<size=75%>スキル:形状1","「Skill」
<size=75%>スキル:形状1"
"「Skill」
<size=75%>スキル:形状2","「Skill」
<size=75%>スキル:形状2","「Skill」
<size=75%>スキル:形状2"
"「Skill」
<size=75%>スキル:形状3","「Skill」
<size=75%>スキル:形状3","「Skill」
<size=75%>スキル:形状3"
"「Skill」
<size=75%>スキル:形状4","「Skill」
<size=75%>スキル:形状4","「Skill」
<size=75%>スキル:形状4"
"「Skill」
<size=75%>スキル:形状5","「Skill」
<size=75%>スキル:形状5","「Skill」
<size=75%>スキル:形状5"
"「Main」
<size=75%>通常:形状5","「Main」
<size=75%>通常:形状5","「Main」
<size=75%>通常:形状5"
"「Main」
<size=75%>通常:形状4","「Main」
<size=75%>通常:形状4","「Main」
<size=75%>通常:形状4"
"「Main」
<size=75%>通常:形状3","「Main」
<size=75%>通常:形状3","「Main」
<size=75%>通常:形状3"
"「Main」
<size=75%>通常:形状2","「Main」
<size=75%>通常:形状2","「Main」
<size=75%>通常:形状2"
"「Main」
<size=75%>通常:形状1","「Main」
<size=75%>通常:形状1","「Main」
<size=75%>通常:形状1"
"「a」
<size=75%>必殺:形状5","「a」
<size=75%>必殺:形状5","「a」
<size=75%>必殺:形状5"
"「a」
<size=75%>必殺:形状4","「a」
<size=75%>必殺:形状4","「a」
<size=75%>必殺:形状4"
"「a」
<size=75%>必殺:形状3","「a」
<size=75%>必殺:形状3","「a」
<size=75%>必殺:形状3"
"「a」
<size=75%>必殺:形状2","「a」
<size=75%>必殺:形状2","「a」
<size=75%>必殺:形状2"
"「」
<size=75%>必殺:形状1","「」
<size=75%>必殺:形状1","「」
<size=75%>必殺:形状1"
"No
","No
","No
"
因子数:37/200,因子数:37/200,因子数:37/200
カオスグライン:5920900,カオスグライン:5920900,カオスグライン:5920900
"「」
<size=75%>速度:形状5","「」
<size=75%>速度:形状5","「」
<size=75%>速度:形状5"
"「」
<size=75%>速度:形状4","「」
<size=75%>速度:形状4","「」
<size=75%>速度:形状4"
"「」
<size=75%>速度:形状3","「」
<size=75%>速度:形状3","「」
<size=75%>速度:形状3"
"「」
<size=75%>速度:形状2","「」
<size=75%>速度:形状2","「」
<size=75%>速度:形状2"
"「」
<size=75%>速度:形状1","「」
<size=75%>速度:形状1","「」
<size=75%>速度:形状1"
"最大HP
<size=80%>500000.0</size>
HP回復速度
<size=80%>10000.0</size>
最大MP
<size=80%>400.0</size>
MP回復速度
<size=80%>50.0</size>
SP回復速度
<size=80%>5.0</size>
SP増加量
<size=80%>100.0%</size>
攻撃力
<size=80%>110000.0</size>
防御力
<size=80%>100000.0</size>
近距離ダメージ
<size=80%>100.0%</size>
遠距離ダメージ
<size=80%>115.0%</size>
通常ダメージ
<size=80%>100.0%</size>
重撃ダメージ
<size=80%>100.0%</size>
落下ダメージ
<size=80%>100.0%</size>
スキルダメージ
<size=80%>100.0%</size>
必殺ダメージ
<size=80%>100.0%</size>","最大HP
<size=80%>500000.0</size>
HP回復速度
<size=80%>10000.0</size>
最大MP
<size=80%>400.0</size>
MP回復速度
<size=80%>50.0</size>
SP回復速度
<size=80%>5.0</size>
SP増加量
<size=80%>100.0%</size>
攻撃力
<size=80%>110000.0</size>
防御力
<size=80%>100000.0</size>
近距離ダメージ
<size=80%>100.0%</size>
遠距離ダメージ
<size=80%>115.0%</size>
通常ダメージ
<size=80%>100.0%</size>
重撃ダメージ
<size=80%>100.0%</size>
落下ダメージ
<size=80%>100.0%</size>
スキルダメージ
<size=80%>100.0%</size>
必殺ダメージ
<size=80%>100.0%</size>","最大HP
<size=80%>500000.0</size>
HP回復速度
<size=80%>10000.0</size>
最大MP
<size=80%>400.0</size>
MP回復速度
<size=80%>50.0</size>
SP回復速度
<size=80%>5.0</size>
SP増加量
<size=80%>100.0%</size>
攻撃力
<size=80%>110000.0</size>
防御力
<size=80%>100000.0</size>
近距離ダメージ
<size=80%>100.0%</size>
遠距離ダメージ
<size=80%>115.0%</size>
通常ダメージ
<size=80%>100.0%</size>
重撃ダメージ
<size=80%>100.0%</size>
落下ダメージ
<size=80%>100.0%</size>
スキルダメージ
<size=80%>100.0%</size>
必殺ダメージ
<size=80%>100.0%</size>"
SML​,SML​,SML​
硬部位貫通,硬部位貫通,硬部位貫通
攻撃増加,攻撃増加,攻撃増加
遠距離強化,遠距離強化,遠距離強化
死に力,死に力,死に力
ショットガン,ショットガン,ショットガン
"選
択
し
て
変
更","選
択
し
て
変
更","選
択
し
て
変
更"
"攻撃
パッシブ","攻撃
パッシブ","攻撃
パッシブ"
"感想
フィードバック","感想
フィードバック","感想
フィードバック"
"パ
ッ
シ
ブ","パ
ッ
シ
ブ","パ
ッ
シ
ブ"
"裏
攻
撃","裏
攻
撃","裏
攻
撃"
"表
攻
撃","表
攻
撃","表
攻
撃"
"セーブデータ
入出力","セーブデータ
入出力","セーブデータ
入出力"
極高,極高,極高
83%,83%,83%
"ソロ   ☆☆☆
マルチ☆☆☆","ソロ   ☆☆☆
マルチ☆☆☆","ソロ   ☆☆☆
マルチ☆☆☆"
ヒット1f,ヒット1f,ヒット1f
"分岐
タイミング","分岐
タイミング","分岐
タイミング"
極低,極低,極低
"メイン
ステータス","メイン
ステータス","メイン
ステータス"
"「Mr.WHead-37」
<size=75%>落下:形状1","「Mr.WHead-37」
<size=75%>落下:形状1","「Mr.WHead-37」
<size=75%>落下:形状1"
"「Mr.WHead-36」
<size=75%>落下:形状2","「Mr.WHead-36」
<size=75%>落下:形状2","「Mr.WHead-36」
<size=75%>落下:形状2"
"「Mr.WHead-35」
<size=75%>混沌:形状4","「Mr.WHead-35」
<size=75%>混沌:形状4","「Mr.WHead-35」
<size=75%>混沌:形状4"
"「Mr.WHead-34」
<size=75%>混沌:形状3","「Mr.WHead-34」
<size=75%>混沌:形状3","「Mr.WHead-34」
<size=75%>混沌:形状3"
"「Mr.WHead-33」
<size=75%>通常:形状1","「Mr.WHead-33」
<size=75%>通常:形状1","「Mr.WHead-33」
<size=75%>通常:形状1"
"「Mr.WHead-32」
<size=75%>混沌:形状4","「Mr.WHead-32」
<size=75%>混沌:形状4","「Mr.WHead-32」
<size=75%>混沌:形状4"
"「Mr.WHead-31」
<size=75%>通常:形状3","「Mr.WHead-31」
<size=75%>通常:形状3","「Mr.WHead-31」
<size=75%>通常:形状3"
"「Mr.WHead-30」
<size=75%>通常:形状5","「Mr.WHead-30」
<size=75%>通常:形状5","「Mr.WHead-30」
<size=75%>通常:形状5"
"「Mr.WHead-29」
<size=75%>落下:形状4","「Mr.WHead-29」
<size=75%>落下:形状4","「Mr.WHead-29」
<size=75%>落下:形状4"
"「ザコ敵-28」
<size=75%>体力:形状4","「ザコ敵-28」
<size=75%>体力:形状4","「ザコ敵-28」
<size=75%>体力:形状4"
"「ザコ敵-27」
<size=75%>体力:形状1","「ザコ敵-27」
<size=75%>体力:形状1","「ザコ敵-27」
<size=75%>体力:形状1"
"「ザコ敵-26」
<size=75%>防御:形状3","「ザコ敵-26」
<size=75%>防御:形状3","「ザコ敵-26」
<size=75%>防御:形状3"
"「Fall」
<size=75%>落下:形状5","「Fall」
<size=75%>落下:形状5","「Fall」
<size=75%>落下:形状5"
"「Fall」
<size=75%>落下:形状4","「Fall」
<size=75%>落下:形状4","「Fall」
<size=75%>落下:形状4"
"「Fall」
<size=75%>落下:形状3","「Fall」
<size=75%>落下:形状3","「Fall」
<size=75%>落下:形状3"
"「Fall」
<size=75%>落下:形状2","「Fall」
<size=75%>落下:形状2","「Fall」
<size=75%>落下:形状2"
"「Fall」
<size=75%>落下:形状1","「Fall」
<size=75%>落下:形状1","「Fall」
<size=75%>落下:形状1"
"「Skill」
<size=75%>スキル:形状1","「Skill」
<size=75%>スキル:形状1","「Skill」
<size=75%>スキル:形状1"
"「Skill」
<size=75%>スキル:形状2","「Skill」
<size=75%>スキル:形状2","「Skill」
<size=75%>スキル:形状2"
"「Skill」
<size=75%>スキル:形状3","「Skill」
<size=75%>スキル:形状3","「Skill」
<size=75%>スキル:形状3"
"「Skill」
<size=75%>スキル:形状4","「Skill」
<size=75%>スキル:形状4","「Skill」
<size=75%>スキル:形状4"
"「Skill」
<size=75%>スキル:形状5","「Skill」
<size=75%>スキル:形状5","「Skill」
<size=75%>スキル:形状5"
"「Main」
<size=75%>通常:形状5","「Main」
<size=75%>通常:形状5","「Main」
<size=75%>通常:形状5"
"「Main」
<size=75%>通常:形状4","「Main」
<size=75%>通常:形状4","「Main」
<size=75%>通常:形状4"
"「Main」
<size=75%>通常:形状3","「Main」
<size=75%>通常:形状3","「Main」
<size=75%>通常:形状3"
"「Main」
<size=75%>通常:形状2","「Main」
<size=75%>通常:形状2","「Main」
<size=75%>通常:形状2"
"「Main」
<size=75%>通常:形状1","「Main」
<size=75%>通常:形状1","「Main」
<size=75%>通常:形状1"
"「a」
<size=75%>必殺:形状5","「a」
<size=75%>必殺:形状5","「a」
<size=75%>必殺:形状5"
"「a」
<size=75%>必殺:形状4","「a」
<size=75%>必殺:形状4","「a」
<size=75%>必殺:形状4"
"「a」
<size=75%>必殺:形状3","「a」
<size=75%>必殺:形状3","「a」
<size=75%>必殺:形状3"
"「a」
<size=75%>必殺:形状2","「a」
<size=75%>必殺:形状2","「a」
<size=75%>必殺:形状2"
"「」
<size=75%>必殺:形状1","「」
<size=75%>必殺:形状1","「」
<size=75%>必殺:形状1"
"No
","No
","No
"
"「」
<size=75%>速度:形状5","「」
<size=75%>速度:形状5","「」
<size=75%>速度:形状5"
"「」
<size=75%>速度:形状4","「」
<size=75%>速度:形状4","「」
<size=75%>速度:形状4"
"「」
<size=75%>速度:形状3","「」
<size=75%>速度:形状3","「」
<size=75%>速度:形状3"
"「」
<size=75%>速度:形状2","「」
<size=75%>速度:形状2","「」
<size=75%>速度:形状2"
"「」
<size=75%>速度:形状1","「」
<size=75%>速度:形状1","「」
<size=75%>速度:形状1"
"最大HP
<size=80%>500000.0</size>
HP回復速度
<size=80%>10000.0</size>
最大MP
<size=80%>400.0</size>
MP回復速度
<size=80%>50.0</size>
SP回復速度
<size=80%>5.0</size>
SP増加量
<size=80%>100.0%</size>
攻撃力
<size=80%>110000.0</size>
防御力
<size=80%>100000.0</size>
近距離ダメージ
<size=80%>100.0%</size>
遠距離ダメージ
<size=80%>115.0%</size>
通常ダメージ
<size=80%>100.0%</size>
重撃ダメージ
<size=80%>100.0%</size>
落下ダメージ
<size=80%>100.0%</size>
スキルダメージ
<size=80%>100.0%</size>
必殺ダメージ
<size=80%>100.0%</size>","最大HP
<size=80%>500000.0</size>
HP回復速度
<size=80%>10000.0</size>
最大MP
<size=80%>400.0</size>
MP回復速度
<size=80%>50.0</size>
SP回復速度
<size=80%>5.0</size>
SP増加量
<size=80%>100.0%</size>
攻撃力
<size=80%>110000.0</size>
防御力
<size=80%>100000.0</size>
近距離ダメージ
<size=80%>100.0%</size>
遠距離ダメージ
<size=80%>115.0%</size>
通常ダメージ
<size=80%>100.0%</size>
重撃ダメージ
<size=80%>100.0%</size>
落下ダメージ
<size=80%>100.0%</size>
スキルダメージ
<size=80%>100.0%</size>
必殺ダメージ
<size=80%>100.0%</size>","最大HP
<size=80%>500000.0</size>
HP回復速度
<size=80%>10000.0</size>
最大MP
<size=80%>400.0</size>
MP回復速度
<size=80%>50.0</size>
SP回復速度
<size=80%>5.0</size>
SP増加量
<size=80%>100.0%</size>
攻撃力
<size=80%>110000.0</size>
防御力
<size=80%>100000.0</size>
近距離ダメージ
<size=80%>100.0%</size>
遠距離ダメージ
<size=80%>115.0%</size>
通常ダメージ
<size=80%>100.0%</size>
重撃ダメージ
<size=80%>100.0%</size>
落下ダメージ
<size=80%>100.0%</size>
スキルダメージ
<size=80%>100.0%</size>
必殺ダメージ
<size=80%>100.0%</size>"
"選
択
し
て
変
更","選
択
し
て
変
更","選
択
し
て
変
更"
"攻撃
パッシブ","攻撃
パッシブ","攻撃
パッシブ"
"感想
フィードバック","感想
フィードバック","感想
フィードバック"
"パ
ッ
シ
ブ","パ
ッ
シ
ブ","パ
ッ
シ
ブ"
"裏
攻
撃","裏
攻
撃","裏
攻
撃"
"表
攻
撃","表
攻
撃","表
攻
撃"
"セーブデータ
入出力","セーブデータ
入出力","セーブデータ
入出力"
極低,極低,極低
"ソロ   ☆☆☆
マルチ☆☆☆","ソロ   ☆☆☆
マルチ☆☆☆","ソロ   ☆☆☆
マルチ☆☆☆"
"分岐
タイミング","分岐
タイミング","分岐
タイミング"
"「Mr.WHead-37」
<size=75%>落下:形状1","「Mr.WHead-37」
<size=75%>落下:形状1","「Mr.WHead-37」
<size=75%>落下:形状1"
"「Mr.WHead-36」
<size=75%>落下:形状2","「Mr.WHead-36」
<size=75%>落下:形状2","「Mr.WHead-36」
<size=75%>落下:形状2"
"「Mr.WHead-35」
<size=75%>混沌:形状4","「Mr.WHead-35」
<size=75%>混沌:形状4","「Mr.WHead-35」
<size=75%>混沌:形状4"
"「Mr.WHead-34」
<size=75%>混沌:形状3","「Mr.WHead-34」
<size=75%>混沌:形状3","「Mr.WHead-34」
<size=75%>混沌:形状3"
"「Mr.WHead-33」
<size=75%>通常:形状1","「Mr.WHead-33」
<size=75%>通常:形状1","「Mr.WHead-33」
<size=75%>通常:形状1"
"「Mr.WHead-32」
<size=75%>混沌:形状4","「Mr.WHead-32」
<size=75%>混沌:形状4","「Mr.WHead-32」
<size=75%>混沌:形状4"
"「Mr.WHead-31」
<size=75%>通常:形状3","「Mr.WHead-31」
<size=75%>通常:形状3","「Mr.WHead-31」
<size=75%>通常:形状3"
"「Mr.WHead-30」
<size=75%>通常:形状5","「Mr.WHead-30」
<size=75%>通常:形状5","「Mr.WHead-30」
<size=75%>通常:形状5"
"「Mr.WHead-29」
<size=75%>落下:形状4","「Mr.WHead-29」
<size=75%>落下:形状4","「Mr.WHead-29」
<size=75%>落下:形状4"
"「ザコ敵-28」
<size=75%>体力:形状4","「ザコ敵-28」
<size=75%>体力:形状4","「ザコ敵-28」
<size=75%>体力:形状4"
"「ザコ敵-27」
<size=75%>体力:形状1","「ザコ敵-27」
<size=75%>体力:形状1","「ザコ敵-27」
<size=75%>体力:形状1"
"「ザコ敵-26」
<size=75%>防御:形状3","「ザコ敵-26」
<size=75%>防御:形状3","「ザコ敵-26」
<size=75%>防御:形状3"
"「Fall」
<size=75%>落下:形状5","「Fall」
<size=75%>落下:形状5","「Fall」
<size=75%>落下:形状5"
"「Fall」
<size=75%>落下:形状4","「Fall」
<size=75%>落下:形状4","「Fall」
<size=75%>落下:形状4"
"「Fall」
<size=75%>落下:形状3","「Fall」
<size=75%>落下:形状3","「Fall」
<size=75%>落下:形状3"
"「Fall」
<size=75%>落下:形状2","「Fall」
<size=75%>落下:形状2","「Fall」
<size=75%>落下:形状2"
"「Fall」
<size=75%>落下:形状1","「Fall」
<size=75%>落下:形状1","「Fall」
<size=75%>落下:形状1"
"「Skill」
<size=75%>スキル:形状1","「Skill」
<size=75%>スキル:形状1","「Skill」
<size=75%>スキル:形状1"
"「Skill」
<size=75%>スキル:形状2","「Skill」
<size=75%>スキル:形状2","「Skill」
<size=75%>スキル:形状2"
"「Skill」
<size=75%>スキル:形状3","「Skill」
<size=75%>スキル:形状3","「Skill」
<size=75%>スキル:形状3"
"「Skill」
<size=75%>スキル:形状4","「Skill」
<size=75%>スキル:形状4","「Skill」
<size=75%>スキル:形状4"
"「Skill」
<size=75%>スキル:形状5","「Skill」
<size=75%>スキル:形状5","「Skill」
<size=75%>スキル:形状5"
"「Main」
<size=75%>通常:形状5","「Main」
<size=75%>通常:形状5","「Main」
<size=75%>通常:形状5"
"「Main」
<size=75%>通常:形状4","「Main」
<size=75%>通常:形状4","「Main」
<size=75%>通常:形状4"
"「Main」
<size=75%>通常:形状3","「Main」
<size=75%>通常:形状3","「Main」
<size=75%>通常:形状3"
"「Main」
<size=75%>通常:形状2","「Main」
<size=75%>通常:形状2","「Main」
<size=75%>通常:形状2"
"「Main」
<size=75%>通常:形状1","「Main」
<size=75%>通常:形状1","「Main」
<size=75%>通常:形状1"
"「a」
<size=75%>必殺:形状5","「a」
<size=75%>必殺:形状5","「a」
<size=75%>必殺:形状5"
"「a」
<size=75%>必殺:形状4","「a」
<size=75%>必殺:形状4","「a」
<size=75%>必殺:形状4"
"「a」
<size=75%>必殺:形状3","「a」
<size=75%>必殺:形状3","「a」
<size=75%>必殺:形状3"
"「a」
<size=75%>必殺:形状2","「a」
<size=75%>必殺:形状2","「a」
<size=75%>必殺:形状2"
"「」
<size=75%>必殺:形状1","「」
<size=75%>必殺:形状1","「」
<size=75%>必殺:形状1"
"No
","No
","No
"
"「」
<size=75%>速度:形状5","「」
<size=75%>速度:形状5","「」
<size=75%>速度:形状5"
"「」
<size=75%>速度:形状4","「」
<size=75%>速度:形状4","「」
<size=75%>速度:形状4"
"「」
<size=75%>速度:形状3","「」
<size=75%>速度:形状3","「」
<size=75%>速度:形状3"
"「」
<size=75%>速度:形状2","「」
<size=75%>速度:形状2","「」
<size=75%>速度:形状2"
"「」
<size=75%>速度:形状1","「」
<size=75%>速度:形状1","「」
<size=75%>速度:形状1"
"最大HP
<size=80%>500000.0</size>
HP回復速度
<size=80%>10000.0</size>
最大MP
<size=80%>400.0</size>
MP回復速度
<size=80%>50.0</size>
SP回復速度
<size=80%>5.0</size>
SP増加量
<size=80%>100.0%</size>
攻撃力
<size=80%>110000.0</size>
防御力
<size=80%>100000.0</size>
近距離ダメージ
<size=80%>100.0%</size>
遠距離ダメージ
<size=80%>115.0%</size>
通常ダメージ
<size=80%>100.0%</size>
重撃ダメージ
<size=80%>100.0%</size>
落下ダメージ
<size=80%>100.0%</size>
スキルダメージ
<size=80%>100.0%</size>
必殺ダメージ
<size=80%>100.0%</size>","最大HP
<size=80%>500000.0</size>
HP回復速度
<size=80%>10000.0</size>
最大MP
<size=80%>400.0</size>
MP回復速度
<size=80%>50.0</size>
SP回復速度
<size=80%>5.0</size>
SP増加量
<size=80%>100.0%</size>
攻撃力
<size=80%>110000.0</size>
防御力
<size=80%>100000.0</size>
近距離ダメージ
<size=80%>100.0%</size>
遠距離ダメージ
<size=80%>115.0%</size>
通常ダメージ
<size=80%>100.0%</size>
重撃ダメージ
<size=80%>100.0%</size>
落下ダメージ
<size=80%>100.0%</size>
スキルダメージ
<size=80%>100.0%</size>
必殺ダメージ
<size=80%>100.0%</size>","最大HP
<size=80%>500000.0</size>
HP回復速度
<size=80%>10000.0</size>
最大MP
<size=80%>400.0</size>
MP回復速度
<size=80%>50.0</size>
SP回復速度
<size=80%>5.0</size>
SP増加量
<size=80%>100.0%</size>
攻撃力
<size=80%>110000.0</size>
防御力
<size=80%>100000.0</size>
近距離ダメージ
<size=80%>100.0%</size>
遠距離ダメージ
<size=80%>115.0%</size>
通常ダメージ
<size=80%>100.0%</size>
重撃ダメージ
<size=80%>100.0%</size>
落下ダメージ
<size=80%>100.0%</size>
スキルダメージ
<size=80%>100.0%</size>
必殺ダメージ
<size=80%>100.0%</size>"
"選
択
し
て
変
更","選
択
し
て
変
更","選
択
し
て
変
更"
"攻撃
パッシブ","攻撃
パッシブ","攻撃
パッシブ"
"感想
フィードバック","感想
フィードバック","感想
フィードバック"
"パ
ッ
シ
ブ","パ
ッ
シ
ブ","パ
ッ
シ
ブ"
"裏
攻
撃","裏
攻
撃","裏
攻
撃"
"表
攻
撃","表
攻
撃","表
攻
撃"
"セーブデータ
入出力","セーブデータ
入出力","セーブデータ
入出力"
極低,極低,極低
"ソロ   ☆☆☆
マルチ☆☆☆","ソロ   ☆☆☆
マルチ☆☆☆","ソロ   ☆☆☆
マルチ☆☆☆"
"分岐
タイミング","分岐
タイミング","分岐
タイミング"
低,低,低
過力,過力,過力
"メイン
ステータス","メイン
ステータス","メイン
ステータス"
防御増加,防御増加,防御増加
メイスバースト,メイスバースト,メイスバースト
爆撃,爆撃,爆撃
HP増加,HP増加,HP増加
メガタックル,メガタックル,メガタックル
"最大HP
<size=80%>700000.0</size>
HP回復速度
<size=80%>10000.0</size>
最大MP
<size=80%>400.0</size>
MP回復速度
<size=80%>50.0</size>
SP回復速度
<size=80%>5.0</size>
SP増加量
<size=80%>100.0%</size>
攻撃力
<size=80%>110000.0</size>
防御力
<size=80%>125000.0</size>
近距離ダメージ
<size=80%>100.0%</size>
遠距離ダメージ
<size=80%>100.0%</size>
通常ダメージ
<size=80%>100.0%</size>
重撃ダメージ
<size=80%>100.0%</size>
落下ダメージ
<size=80%>100.0%</size>
スキルダメージ
<size=80%>100.0%</size>
必殺ダメージ
<size=80%>100.0%</size>","最大HP
<size=80%>700000.0</size>
HP回復速度
<size=80%>10000.0</size>
最大MP
<size=80%>400.0</size>
MP回復速度
<size=80%>50.0</size>
SP回復速度
<size=80%>5.0</size>
SP増加量
<size=80%>100.0%</size>
攻撃力
<size=80%>110000.0</size>
防御力
<size=80%>125000.0</size>
近距離ダメージ
<size=80%>100.0%</size>
遠距離ダメージ
<size=80%>100.0%</size>
通常ダメージ
<size=80%>100.0%</size>
重撃ダメージ
<size=80%>100.0%</size>
落下ダメージ
<size=80%>100.0%</size>
スキルダメージ
<size=80%>100.0%</size>
必殺ダメージ
<size=80%>100.0%</size>","最大HP
<size=80%>700000.0</size>
HP回復速度
<size=80%>10000.0</size>
最大MP
<size=80%>400.0</size>
MP回復速度
<size=80%>50.0</size>
SP回復速度
<size=80%>5.0</size>
SP増加量
<size=80%>100.0%</size>
攻撃力
<size=80%>110000.0</size>
防御力
<size=80%>125000.0</size>
近距離ダメージ
<size=80%>100.0%</size>
遠距離ダメージ
<size=80%>100.0%</size>
通常ダメージ
<size=80%>100.0%</size>
重撃ダメージ
<size=80%>100.0%</size>
落下ダメージ
<size=80%>100.0%</size>
スキルダメージ
<size=80%>100.0%</size>
必殺ダメージ
<size=80%>100.0%</size>"
MCL​,MCL​,MCL​
ウェーブブレイド,ウェーブブレイド,ウェーブブレイド
ブーストパンチ,ブーストパンチ,ブーストパンチ
"「Mr.WHead-37」
<size=75%>落下:形状1","「Mr.WHead-37」
<size=75%>落下:形状1","「Mr.WHead-37」
<size=75%>落下:形状1"
"「Mr.WHead-36」
<size=75%>落下:形状2","「Mr.WHead-36」
<size=75%>落下:形状2","「Mr.WHead-36」
<size=75%>落下:形状2"
"「Mr.WHead-35」
<size=75%>混沌:形状4","「Mr.WHead-35」
<size=75%>混沌:形状4","「Mr.WHead-35」
<size=75%>混沌:形状4"
"「Mr.WHead-34」
<size=75%>混沌:形状3","「Mr.WHead-34」
<size=75%>混沌:形状3","「Mr.WHead-34」
<size=75%>混沌:形状3"
"「Mr.WHead-33」
<size=75%>通常:形状1","「Mr.WHead-33」
<size=75%>通常:形状1","「Mr.WHead-33」
<size=75%>通常:形状1"
"「Mr.WHead-32」
<size=75%>混沌:形状4","「Mr.WHead-32」
<size=75%>混沌:形状4","「Mr.WHead-32」
<size=75%>混沌:形状4"
"「Mr.WHead-31」
<size=75%>通常:形状3","「Mr.WHead-31」
<size=75%>通常:形状3","「Mr.WHead-31」
<size=75%>通常:形状3"
"「Mr.WHead-30」
<size=75%>通常:形状5","「Mr.WHead-30」
<size=75%>通常:形状5","「Mr.WHead-30」
<size=75%>通常:形状5"
"「Mr.WHead-29」
<size=75%>落下:形状4","「Mr.WHead-29」
<size=75%>落下:形状4","「Mr.WHead-29」
<size=75%>落下:形状4"
"「ザコ敵-28」
<size=75%>体力:形状4","「ザコ敵-28」
<size=75%>体力:形状4","「ザコ敵-28」
<size=75%>体力:形状4"
"「ザコ敵-27」
<size=75%>体力:形状1","「ザコ敵-27」
<size=75%>体力:形状1","「ザコ敵-27」
<size=75%>体力:形状1"
"「ザコ敵-26」
<size=75%>防御:形状3","「ザコ敵-26」
<size=75%>防御:形状3","「ザコ敵-26」
<size=75%>防御:形状3"
"「Fall」
<size=75%>落下:形状5","「Fall」
<size=75%>落下:形状5","「Fall」
<size=75%>落下:形状5"
"「Fall」
<size=75%>落下:形状4","「Fall」
<size=75%>落下:形状4","「Fall」
<size=75%>落下:形状4"
"「Fall」
<size=75%>落下:形状3","「Fall」
<size=75%>落下:形状3","「Fall」
<size=75%>落下:形状3"
"「Fall」
<size=75%>落下:形状2","「Fall」
<size=75%>落下:形状2","「Fall」
<size=75%>落下:形状2"
"「Fall」
<size=75%>落下:形状1","「Fall」
<size=75%>落下:形状1","「Fall」
<size=75%>落下:形状1"
"「Skill」
<size=75%>スキル:形状1","「Skill」
<size=75%>スキル:形状1","「Skill」
<size=75%>スキル:形状1"
"「Skill」
<size=75%>スキル:形状2","「Skill」
<size=75%>スキル:形状2","「Skill」
<size=75%>スキル:形状2"
"「Skill」
<size=75%>スキル:形状3","「Skill」
<size=75%>スキル:形状3","「Skill」
<size=75%>スキル:形状3"
"「Skill」
<size=75%>スキル:形状4","「Skill」
<size=75%>スキル:形状4","「Skill」
<size=75%>スキル:形状4"
"「Skill」
<size=75%>スキル:形状5","「Skill」
<size=75%>スキル:形状5","「Skill」
<size=75%>スキル:形状5"
"「Main」
<size=75%>通常:形状5","「Main」
<size=75%>通常:形状5","「Main」
<size=75%>通常:形状5"
"「Main」
<size=75%>通常:形状4","「Main」
<size=75%>通常:形状4","「Main」
<size=75%>通常:形状4"
"「Main」
<size=75%>通常:形状3","「Main」
<size=75%>通常:形状3","「Main」
<size=75%>通常:形状3"
"「Main」
<size=75%>通常:形状2","「Main」
<size=75%>通常:形状2","「Main」
<size=75%>通常:形状2"
"「Main」
<size=75%>通常:形状1","「Main」
<size=75%>通常:形状1","「Main」
<size=75%>通常:形状1"
"「a」
<size=75%>必殺:形状5","「a」
<size=75%>必殺:形状5","「a」
<size=75%>必殺:形状5"
"「a」
<size=75%>必殺:形状4","「a」
<size=75%>必殺:形状4","「a」
<size=75%>必殺:形状4"
"「a」
<size=75%>必殺:形状3","「a」
<size=75%>必殺:形状3","「a」
<size=75%>必殺:形状3"
"「a」
<size=75%>必殺:形状2","「a」
<size=75%>必殺:形状2","「a」
<size=75%>必殺:形状2"
"「」
<size=75%>必殺:形状1","「」
<size=75%>必殺:形状1","「」
<size=75%>必殺:形状1"
"No
","No
","No
"
"「」
<size=75%>速度:形状5","「」
<size=75%>速度:形状5","「」
<size=75%>速度:形状5"
"「」
<size=75%>速度:形状4","「」
<size=75%>速度:形状4","「」
<size=75%>速度:形状4"
"「」
<size=75%>速度:形状3","「」
<size=75%>速度:形状3","「」
<size=75%>速度:形状3"
"「」
<size=75%>速度:形状2","「」
<size=75%>速度:形状2","「」
<size=75%>速度:形状2"
"「」
<size=75%>速度:形状1","「」
<size=75%>速度:形状1","「」
<size=75%>速度:形状1"
"最大HP
<size=80%>700000.0</size>
HP回復速度
<size=80%>10000.0</size>
最大MP
<size=80%>400.0</size>
MP回復速度
<size=80%>50.0</size>
SP回復速度
<size=80%>5.0</size>
SP増加量
<size=80%>100.0%</size>
攻撃力
<size=80%>110000.0</size>
防御力
<size=80%>125000.0</size>
近距離ダメージ
<size=80%>100.0%</size>
遠距離ダメージ
<size=80%>100.0%</size>
通常ダメージ
<size=80%>100.0%</size>
重撃ダメージ
<size=80%>100.0%</size>
落下ダメージ
<size=80%>100.0%</size>
スキルダメージ
<size=80%>100.0%</size>
必殺ダメージ
<size=80%>100.0%</size>","最大HP
<size=80%>700000.0</size>
HP回復速度
<size=80%>10000.0</size>
最大MP
<size=80%>400.0</size>
MP回復速度
<size=80%>50.0</size>
SP回復速度
<size=80%>5.0</size>
SP増加量
<size=80%>100.0%</size>
攻撃力
<size=80%>110000.0</size>
防御力
<size=80%>125000.0</size>
近距離ダメージ
<size=80%>100.0%</size>
遠距離ダメージ
<size=80%>100.0%</size>
通常ダメージ
<size=80%>100.0%</size>
重撃ダメージ
<size=80%>100.0%</size>
落下ダメージ
<size=80%>100.0%</size>
スキルダメージ
<size=80%>100.0%</size>
必殺ダメージ
<size=80%>100.0%</size>","最大HP
<size=80%>700000.0</size>
HP回復速度
<size=80%>10000.0</size>
最大MP
<size=80%>400.0</size>
MP回復速度
<size=80%>50.0</size>
SP回復速度
<size=80%>5.0</size>
SP増加量
<size=80%>100.0%</size>
攻撃力
<size=80%>110000.0</size>
防御力
<size=80%>125000.0</size>
近距離ダメージ
<size=80%>100.0%</size>
遠距離ダメージ
<size=80%>100.0%</size>
通常ダメージ
<size=80%>100.0%</size>
重撃ダメージ
<size=80%>100.0%</size>
落下ダメージ
<size=80%>100.0%</size>
スキルダメージ
<size=80%>100.0%</size>
必殺ダメージ
<size=80%>100.0%</size>"
MCL​,MCL​,MCL​
防御増加,防御増加,防御増加
HP増加,HP増加,HP増加
爆撃,爆撃,爆撃
ウェーブブレイド,ウェーブブレイド,ウェーブブレイド
メイスバースト,メイスバースト,メイスバースト
メガタックル,メガタックル,メガタックル
ブーストパンチ,ブーストパンチ,ブーストパンチ
過力,過力,過力
"選
択
し
て
変
更","選
択
し
て
変
更","選
択
し
て
変
更"
"攻撃
パッシブ","攻撃
パッシブ","攻撃
パッシブ"
"感想
フィードバック","感想
フィードバック","感想
フィードバック"
"パ
ッ
シ
ブ","パ
ッ
シ
ブ","パ
ッ
シ
ブ"
"裏
攻
撃","裏
攻
撃","裏
攻
撃"
"表
攻
撃","表
攻
撃","表
攻
撃"
"セーブデータ
入出力","セーブデータ
入出力","セーブデータ
入出力"
低,低,低
"ソロ   ☆☆☆
マルチ☆☆☆","ソロ   ☆☆☆
マルチ☆☆☆","ソロ   ☆☆☆
マルチ☆☆☆"
"分岐
タイミング","分岐
タイミング","分岐
タイミング"
"「Mr.WHead-37」
<size=75%>落下:形状1","「Mr.WHead-37」
<size=75%>落下:形状1","「Mr.WHead-37」
<size=75%>落下:形状1"
"「Mr.WHead-36」
<size=75%>落下:形状2","「Mr.WHead-36」
<size=75%>落下:形状2","「Mr.WHead-36」
<size=75%>落下:形状2"
"「Mr.WHead-35」
<size=75%>混沌:形状4","「Mr.WHead-35」
<size=75%>混沌:形状4","「Mr.WHead-35」
<size=75%>混沌:形状4"
"「Mr.WHead-34」
<size=75%>混沌:形状3","「Mr.WHead-34」
<size=75%>混沌:形状3","「Mr.WHead-34」
<size=75%>混沌:形状3"
"「Mr.WHead-33」
<size=75%>通常:形状1","「Mr.WHead-33」
<size=75%>通常:形状1","「Mr.WHead-33」
<size=75%>通常:形状1"
"「Mr.WHead-32」
<size=75%>混沌:形状4","「Mr.WHead-32」
<size=75%>混沌:形状4","「Mr.WHead-32」
<size=75%>混沌:形状4"
"「Mr.WHead-31」
<size=75%>通常:形状3","「Mr.WHead-31」
<size=75%>通常:形状3","「Mr.WHead-31」
<size=75%>通常:形状3"
"「Mr.WHead-30」
<size=75%>通常:形状5","「Mr.WHead-30」
<size=75%>通常:形状5","「Mr.WHead-30」
<size=75%>通常:形状5"
"「Mr.WHead-29」
<size=75%>落下:形状4","「Mr.WHead-29」
<size=75%>落下:形状4","「Mr.WHead-29」
<size=75%>落下:形状4"
"「ザコ敵-28」
<size=75%>体力:形状4","「ザコ敵-28」
<size=75%>体力:形状4","「ザコ敵-28」
<size=75%>体力:形状4"
"「ザコ敵-27」
<size=75%>体力:形状1","「ザコ敵-27」
<size=75%>体力:形状1","「ザコ敵-27」
<size=75%>体力:形状1"
"「ザコ敵-26」
<size=75%>防御:形状3","「ザコ敵-26」
<size=75%>防御:形状3","「ザコ敵-26」
<size=75%>防御:形状3"
"「Fall」
<size=75%>落下:形状5","「Fall」
<size=75%>落下:形状5","「Fall」
<size=75%>落下:形状5"
"「Fall」
<size=75%>落下:形状4","「Fall」
<size=75%>落下:形状4","「Fall」
<size=75%>落下:形状4"
"「Fall」
<size=75%>落下:形状3","「Fall」
<size=75%>落下:形状3","「Fall」
<size=75%>落下:形状3"
"「Fall」
<size=75%>落下:形状2","「Fall」
<size=75%>落下:形状2","「Fall」
<size=75%>落下:形状2"
"「Fall」
<size=75%>落下:形状1","「Fall」
<size=75%>落下:形状1","「Fall」
<size=75%>落下:形状1"
"「Skill」
<size=75%>スキル:形状1","「Skill」
<size=75%>スキル:形状1","「Skill」
<size=75%>スキル:形状1"
"「Skill」
<size=75%>スキル:形状2","「Skill」
<size=75%>スキル:形状2","「Skill」
<size=75%>スキル:形状2"
"「Skill」
<size=75%>スキル:形状3","「Skill」
<size=75%>スキル:形状3","「Skill」
<size=75%>スキル:形状3"
"「Skill」
<size=75%>スキル:形状4","「Skill」
<size=75%>スキル:形状4","「Skill」
<size=75%>スキル:形状4"
"「Skill」
<size=75%>スキル:形状5","「Skill」
<size=75%>スキル:形状5","「Skill」
<size=75%>スキル:形状5"
"「Main」
<size=75%>通常:形状5","「Main」
<size=75%>通常:形状5","「Main」
<size=75%>通常:形状5"
"「Main」
<size=75%>通常:形状4","「Main」
<size=75%>通常:形状4","「Main」
<size=75%>通常:形状4"
"「Main」
<size=75%>通常:形状3","「Main」
<size=75%>通常:形状3","「Main」
<size=75%>通常:形状3"
"「Main」
<size=75%>通常:形状2","「Main」
<size=75%>通常:形状2","「Main」
<size=75%>通常:形状2"
"「Main」
<size=75%>通常:形状1","「Main」
<size=75%>通常:形状1","「Main」
<size=75%>通常:形状1"
"「a」
<size=75%>必殺:形状5","「a」
<size=75%>必殺:形状5","「a」
<size=75%>必殺:形状5"
"「a」
<size=75%>必殺:形状4","「a」
<size=75%>必殺:形状4","「a」
<size=75%>必殺:形状4"
"「a」
<size=75%>必殺:形状3","「a」
<size=75%>必殺:形状3","「a」
<size=75%>必殺:形状3"
"「a」
<size=75%>必殺:形状2","「a」
<size=75%>必殺:形状2","「a」
<size=75%>必殺:形状2"
"「」
<size=75%>必殺:形状1","「」
<size=75%>必殺:形状1","「」
<size=75%>必殺:形状1"
"No
","No
","No
"
"「」
<size=75%>速度:形状5","「」
<size=75%>速度:形状5","「」
<size=75%>速度:形状5"
"「」
<size=75%>速度:形状4","「」
<size=75%>速度:形状4","「」
<size=75%>速度:形状4"
"「」
<size=75%>速度:形状3","「」
<size=75%>速度:形状3","「」
<size=75%>速度:形状3"
"「」
<size=75%>速度:形状2","「」
<size=75%>速度:形状2","「」
<size=75%>速度:形状2"
"「」
<size=75%>速度:形状1","「」
<size=75%>速度:形状1","「」
<size=75%>速度:形状1"
"最大HP
<size=80%>700000.0</size>
HP回復速度
<size=80%>10000.0</size>
最大MP
<size=80%>400.0</size>
MP回復速度
<size=80%>50.0</size>
SP回復速度
<size=80%>5.0</size>
SP増加量
<size=80%>100.0%</size>
攻撃力
<size=80%>110000.0</size>
防御力
<size=80%>125000.0</size>
近距離ダメージ
<size=80%>100.0%</size>
遠距離ダメージ
<size=80%>100.0%</size>
通常ダメージ
<size=80%>100.0%</size>
重撃ダメージ
<size=80%>100.0%</size>
落下ダメージ
<size=80%>100.0%</size>
スキルダメージ
<size=80%>100.0%</size>
必殺ダメージ
<size=80%>100.0%</size>","最大HP
<size=80%>700000.0</size>
HP回復速度
<size=80%>10000.0</size>
最大MP
<size=80%>400.0</size>
MP回復速度
<size=80%>50.0</size>
SP回復速度
<size=80%>5.0</size>
SP増加量
<size=80%>100.0%</size>
攻撃力
<size=80%>110000.0</size>
防御力
<size=80%>125000.0</size>
近距離ダメージ
<size=80%>100.0%</size>
遠距離ダメージ
<size=80%>100.0%</size>
通常ダメージ
<size=80%>100.0%</size>
重撃ダメージ
<size=80%>100.0%</size>
落下ダメージ
<size=80%>100.0%</size>
スキルダメージ
<size=80%>100.0%</size>
必殺ダメージ
<size=80%>100.0%</size>","最大HP
<size=80%>700000.0</size>
HP回復速度
<size=80%>10000.0</size>
最大MP
<size=80%>400.0</size>
MP回復速度
<size=80%>50.0</size>
SP回復速度
<size=80%>5.0</size>
SP増加量
<size=80%>100.0%</size>
攻撃力
<size=80%>110000.0</size>
防御力
<size=80%>125000.0</size>
近距離ダメージ
<size=80%>100.0%</size>
遠距離ダメージ
<size=80%>100.0%</size>
通常ダメージ
<size=80%>100.0%</size>
重撃ダメージ
<size=80%>100.0%</size>
落下ダメージ
<size=80%>100.0%</size>
スキルダメージ
<size=80%>100.0%</size>
必殺ダメージ
<size=80%>100.0%</size>"
"選
択
し
て
変
更","選
択
し
て
変
更","選
択
し
て
変
更"
"攻撃
パッシブ","攻撃
パッシブ","攻撃
パッシブ"
"感想
フィードバック","感想
フィードバック","感想
フィードバック"
"パ
ッ
シ
ブ","パ
ッ
シ
ブ","パ
ッ
シ
ブ"
"裏
攻
撃","裏
攻
撃","裏
攻
撃"
"表
攻
撃","表
攻
撃","表
攻
撃"
"セーブデータ
入出力","セーブデータ
入出力","セーブデータ
入出力"
"ソロ   ☆☆☆
マルチ☆☆☆","ソロ   ☆☆☆
マルチ☆☆☆","ソロ   ☆☆☆
マルチ☆☆☆"
"分岐
タイミング","分岐
タイミング","分岐
タイミング"
"ランダム
参加","ランダム
参加","ランダム
参加"
エディター用​,エディター用​,エディター用​
"ルーム名
参加","ルーム名
参加","ルーム名
参加"
95%,95%,95%
"メイン
ステータス","メイン
ステータス","メイン
ステータス"
94%,94%,94%
90%,90%,90%
"「Mr.WHead-37」
<size=75%>落下:形状1","「Mr.WHead-37」
<size=75%>落下:形状1","「Mr.WHead-37」
<size=75%>落下:形状1"
"「Mr.WHead-36」
<size=75%>落下:形状2","「Mr.WHead-36」
<size=75%>落下:形状2","「Mr.WHead-36」
<size=75%>落下:形状2"
"「Mr.WHead-35」
<size=75%>混沌:形状4","「Mr.WHead-35」
<size=75%>混沌:形状4","「Mr.WHead-35」
<size=75%>混沌:形状4"
"「Mr.WHead-34」
<size=75%>混沌:形状3","「Mr.WHead-34」
<size=75%>混沌:形状3","「Mr.WHead-34」
<size=75%>混沌:形状3"
"「Mr.WHead-33」
<size=75%>通常:形状1","「Mr.WHead-33」
<size=75%>通常:形状1","「Mr.WHead-33」
<size=75%>通常:形状1"
"「Mr.WHead-32」
<size=75%>混沌:形状4","「Mr.WHead-32」
<size=75%>混沌:形状4","「Mr.WHead-32」
<size=75%>混沌:形状4"
"「Mr.WHead-31」
<size=75%>通常:形状3","「Mr.WHead-31」
<size=75%>通常:形状3","「Mr.WHead-31」
<size=75%>通常:形状3"
"「Mr.WHead-30」
<size=75%>通常:形状5","「Mr.WHead-30」
<size=75%>通常:形状5","「Mr.WHead-30」
<size=75%>通常:形状5"
"「Mr.WHead-29」
<size=75%>落下:形状4","「Mr.WHead-29」
<size=75%>落下:形状4","「Mr.WHead-29」
<size=75%>落下:形状4"
"「ザコ敵-28」
<size=75%>体力:形状4","「ザコ敵-28」
<size=75%>体力:形状4","「ザコ敵-28」
<size=75%>体力:形状4"
"「ザコ敵-27」
<size=75%>体力:形状1","「ザコ敵-27」
<size=75%>体力:形状1","「ザコ敵-27」
<size=75%>体力:形状1"
"「ザコ敵-26」
<size=75%>防御:形状3","「ザコ敵-26」
<size=75%>防御:形状3","「ザコ敵-26」
<size=75%>防御:形状3"
"「Fall」
<size=75%>落下:形状5","「Fall」
<size=75%>落下:形状5","「Fall」
<size=75%>落下:形状5"
"「Fall」
<size=75%>落下:形状4","「Fall」
<size=75%>落下:形状4","「Fall」
<size=75%>落下:形状4"
"「Fall」
<size=75%>落下:形状3","「Fall」
<size=75%>落下:形状3","「Fall」
<size=75%>落下:形状3"
"「Fall」
<size=75%>落下:形状2","「Fall」
<size=75%>落下:形状2","「Fall」
<size=75%>落下:形状2"
"「Fall」
<size=75%>落下:形状1","「Fall」
<size=75%>落下:形状1","「Fall」
<size=75%>落下:形状1"
"「Skill」
<size=75%>スキル:形状1","「Skill」
<size=75%>スキル:形状1","「Skill」
<size=75%>スキル:形状1"
"「Skill」
<size=75%>スキル:形状2","「Skill」
<size=75%>スキル:形状2","「Skill」
<size=75%>スキル:形状2"
"「Skill」
<size=75%>スキル:形状3","「Skill」
<size=75%>スキル:形状3","「Skill」
<size=75%>スキル:形状3"
"「Skill」
<size=75%>スキル:形状4","「Skill」
<size=75%>スキル:形状4","「Skill」
<size=75%>スキル:形状4"
"「Skill」
<size=75%>スキル:形状5","「Skill」
<size=75%>スキル:形状5","「Skill」
<size=75%>スキル:形状5"
"「Main」
<size=75%>通常:形状5","「Main」
<size=75%>通常:形状5","「Main」
<size=75%>通常:形状5"
"「Main」
<size=75%>通常:形状4","「Main」
<size=75%>通常:形状4","「Main」
<size=75%>通常:形状4"
"「Main」
<size=75%>通常:形状3","「Main」
<size=75%>通常:形状3","「Main」
<size=75%>通常:形状3"
"「Main」
<size=75%>通常:形状2","「Main」
<size=75%>通常:形状2","「Main」
<size=75%>通常:形状2"
"「Main」
<size=75%>通常:形状1","「Main」
<size=75%>通常:形状1","「Main」
<size=75%>通常:形状1"
"「a」
<size=75%>必殺:形状5","「a」
<size=75%>必殺:形状5","「a」
<size=75%>必殺:形状5"
"「a」
<size=75%>必殺:形状4","「a」
<size=75%>必殺:形状4","「a」
<size=75%>必殺:形状4"
"「a」
<size=75%>必殺:形状3","「a」
<size=75%>必殺:形状3","「a」
<size=75%>必殺:形状3"
"「a」
<size=75%>必殺:形状2","「a」
<size=75%>必殺:形状2","「a」
<size=75%>必殺:形状2"
"「」
<size=75%>必殺:形状1","「」
<size=75%>必殺:形状1","「」
<size=75%>必殺:形状1"
"No
","No
","No
"
"「」
<size=75%>速度:形状5","「」
<size=75%>速度:形状5","「」
<size=75%>速度:形状5"
"「」
<size=75%>速度:形状4","「」
<size=75%>速度:形状4","「」
<size=75%>速度:形状4"
"「」
<size=75%>速度:形状3","「」
<size=75%>速度:形状3","「」
<size=75%>速度:形状3"
"「」
<size=75%>速度:形状2","「」
<size=75%>速度:形状2","「」
<size=75%>速度:形状2"
"「」
<size=75%>速度:形状1","「」
<size=75%>速度:形状1","「」
<size=75%>速度:形状1"
"最大HP
<size=80%>700000.0</size>
HP回復速度
<size=80%>10000.0</size>
最大MP
<size=80%>400.0</size>
MP回復速度
<size=80%>50.0</size>
SP回復速度
<size=80%>5.0</size>
SP増加量
<size=80%>100.0%</size>
攻撃力
<size=80%>110000.0</size>
防御力
<size=80%>125000.0</size>
近距離ダメージ
<size=80%>100.0%</size>
遠距離ダメージ
<size=80%>100.0%</size>
通常ダメージ
<size=80%>100.0%</size>
重撃ダメージ
<size=80%>100.0%</size>
落下ダメージ
<size=80%>100.0%</size>
スキルダメージ
<size=80%>100.0%</size>
必殺ダメージ
<size=80%>100.0%</size>","最大HP
<size=80%>700000.0</size>
HP回復速度
<size=80%>10000.0</size>
最大MP
<size=80%>400.0</size>
MP回復速度
<size=80%>50.0</size>
SP回復速度
<size=80%>5.0</size>
SP増加量
<size=80%>100.0%</size>
攻撃力
<size=80%>110000.0</size>
防御力
<size=80%>125000.0</size>
近距離ダメージ
<size=80%>100.0%</size>
遠距離ダメージ
<size=80%>100.0%</size>
通常ダメージ
<size=80%>100.0%</size>
重撃ダメージ
<size=80%>100.0%</size>
落下ダメージ
<size=80%>100.0%</size>
スキルダメージ
<size=80%>100.0%</size>
必殺ダメージ
<size=80%>100.0%</size>","最大HP
<size=80%>700000.0</size>
HP回復速度
<size=80%>10000.0</size>
最大MP
<size=80%>400.0</size>
MP回復速度
<size=80%>50.0</size>
SP回復速度
<size=80%>5.0</size>
SP増加量
<size=80%>100.0%</size>
攻撃力
<size=80%>110000.0</size>
防御力
<size=80%>125000.0</size>
近距離ダメージ
<size=80%>100.0%</size>
遠距離ダメージ
<size=80%>100.0%</size>
通常ダメージ
<size=80%>100.0%</size>
重撃ダメージ
<size=80%>100.0%</size>
落下ダメージ
<size=80%>100.0%</size>
スキルダメージ
<size=80%>100.0%</size>
必殺ダメージ
<size=80%>100.0%</size>"
"選
択
し
て
変
更","選
択
し
て
変
更","選
択
し
て
変
更"
"攻撃
パッシブ","攻撃
パッシブ","攻撃
パッシブ"
"感想
フィードバック","感想
フィードバック","感想
フィードバック"
"パ
ッ
シ
ブ","パ
ッ
シ
ブ","パ
ッ
シ
ブ"
"裏
攻
撃","裏
攻
撃","裏
攻
撃"
"表
攻
撃","表
攻
撃","表
攻
撃"
"セーブデータ
入出力","セーブデータ
入出力","セーブデータ
入出力"
0%,0%,0%
"ソロ   ☆☆☆
マルチ☆☆☆","ソロ   ☆☆☆
マルチ☆☆☆","ソロ   ☆☆☆
マルチ☆☆☆"
"分岐
タイミング","分岐
タイミング","分岐
タイミング"
"「Mr.WHead-37」
<size=75%>落下:形状1","「Mr.WHead-37」
<size=75%>落下:形状1","「Mr.WHead-37」
<size=75%>落下:形状1"
"「Mr.WHead-36」
<size=75%>落下:形状2","「Mr.WHead-36」
<size=75%>落下:形状2","「Mr.WHead-36」
<size=75%>落下:形状2"
"「Mr.WHead-35」
<size=75%>混沌:形状4","「Mr.WHead-35」
<size=75%>混沌:形状4","「Mr.WHead-35」
<size=75%>混沌:形状4"
"「Mr.WHead-34」
<size=75%>混沌:形状3","「Mr.WHead-34」
<size=75%>混沌:形状3","「Mr.WHead-34」
<size=75%>混沌:形状3"
"「Mr.WHead-33」
<size=75%>通常:形状1","「Mr.WHead-33」
<size=75%>通常:形状1","「Mr.WHead-33」
<size=75%>通常:形状1"
"「Mr.WHead-32」
<size=75%>混沌:形状4","「Mr.WHead-32」
<size=75%>混沌:形状4","「Mr.WHead-32」
<size=75%>混沌:形状4"
"「Mr.WHead-31」
<size=75%>通常:形状3","「Mr.WHead-31」
<size=75%>通常:形状3","「Mr.WHead-31」
<size=75%>通常:形状3"
"「Mr.WHead-30」
<size=75%>通常:形状5","「Mr.WHead-30」
<size=75%>通常:形状5","「Mr.WHead-30」
<size=75%>通常:形状5"
"「Mr.WHead-29」
<size=75%>落下:形状4","「Mr.WHead-29」
<size=75%>落下:形状4","「Mr.WHead-29」
<size=75%>落下:形状4"
"「ザコ敵-28」
<size=75%>体力:形状4","「ザコ敵-28」
<size=75%>体力:形状4","「ザコ敵-28」
<size=75%>体力:形状4"
"「ザコ敵-27」
<size=75%>体力:形状1","「ザコ敵-27」
<size=75%>体力:形状1","「ザコ敵-27」
<size=75%>体力:形状1"
"「ザコ敵-26」
<size=75%>防御:形状3","「ザコ敵-26」
<size=75%>防御:形状3","「ザコ敵-26」
<size=75%>防御:形状3"
"「Fall」
<size=75%>落下:形状5","「Fall」
<size=75%>落下:形状5","「Fall」
<size=75%>落下:形状5"
"「Fall」
<size=75%>落下:形状4","「Fall」
<size=75%>落下:形状4","「Fall」
<size=75%>落下:形状4"
"「Fall」
<size=75%>落下:形状3","「Fall」
<size=75%>落下:形状3","「Fall」
<size=75%>落下:形状3"
"「Fall」
<size=75%>落下:形状2","「Fall」
<size=75%>落下:形状2","「Fall」
<size=75%>落下:形状2"
"「Fall」
<size=75%>落下:形状1","「Fall」
<size=75%>落下:形状1","「Fall」
<size=75%>落下:形状1"
"「Skill」
<size=75%>スキル:形状1","「Skill」
<size=75%>スキル:形状1","「Skill」
<size=75%>スキル:形状1"
"「Skill」
<size=75%>スキル:形状2","「Skill」
<size=75%>スキル:形状2","「Skill」
<size=75%>スキル:形状2"
"「Skill」
<size=75%>スキル:形状3","「Skill」
<size=75%>スキル:形状3","「Skill」
<size=75%>スキル:形状3"
"「Skill」
<size=75%>スキル:形状4","「Skill」
<size=75%>スキル:形状4","「Skill」
<size=75%>スキル:形状4"
"「Skill」
<size=75%>スキル:形状5","「Skill」
<size=75%>スキル:形状5","「Skill」
<size=75%>スキル:形状5"
"「Main」
<size=75%>通常:形状5","「Main」
<size=75%>通常:形状5","「Main」
<size=75%>通常:形状5"
"「Main」
<size=75%>通常:形状4","「Main」
<size=75%>通常:形状4","「Main」
<size=75%>通常:形状4"
"「Main」
<size=75%>通常:形状3","「Main」
<size=75%>通常:形状3","「Main」
<size=75%>通常:形状3"
"「Main」
<size=75%>通常:形状2","「Main」
<size=75%>通常:形状2","「Main」
<size=75%>通常:形状2"
"「Main」
<size=75%>通常:形状1","「Main」
<size=75%>通常:形状1","「Main」
<size=75%>通常:形状1"
"「a」
<size=75%>必殺:形状5","「a」
<size=75%>必殺:形状5","「a」
<size=75%>必殺:形状5"
"「a」
<size=75%>必殺:形状4","「a」
<size=75%>必殺:形状4","「a」
<size=75%>必殺:形状4"
"「a」
<size=75%>必殺:形状3","「a」
<size=75%>必殺:形状3","「a」
<size=75%>必殺:形状3"
"「a」
<size=75%>必殺:形状2","「a」
<size=75%>必殺:形状2","「a」
<size=75%>必殺:形状2"
"「」
<size=75%>必殺:形状1","「」
<size=75%>必殺:形状1","「」
<size=75%>必殺:形状1"
"No
","No
","No
"
"「」
<size=75%>速度:形状5","「」
<size=75%>速度:形状5","「」
<size=75%>速度:形状5"
"「」
<size=75%>速度:形状4","「」
<size=75%>速度:形状4","「」
<size=75%>速度:形状4"
"「」
<size=75%>速度:形状3","「」
<size=75%>速度:形状3","「」
<size=75%>速度:形状3"
"「」
<size=75%>速度:形状2","「」
<size=75%>速度:形状2","「」
<size=75%>速度:形状2"
"「」
<size=75%>速度:形状1","「」
<size=75%>速度:形状1","「」
<size=75%>速度:形状1"
"最大HP
<size=80%>700000.0</size>
HP回復速度
<size=80%>10000.0</size>
最大MP
<size=80%>400.0</size>
MP回復速度
<size=80%>50.0</size>
SP回復速度
<size=80%>5.0</size>
SP増加量
<size=80%>100.0%</size>
攻撃力
<size=80%>110000.0</size>
防御力
<size=80%>125000.0</size>
近距離ダメージ
<size=80%>100.0%</size>
遠距離ダメージ
<size=80%>100.0%</size>
通常ダメージ
<size=80%>100.0%</size>
重撃ダメージ
<size=80%>100.0%</size>
落下ダメージ
<size=80%>100.0%</size>
スキルダメージ
<size=80%>100.0%</size>
必殺ダメージ
<size=80%>100.0%</size>","最大HP
<size=80%>700000.0</size>
HP回復速度
<size=80%>10000.0</size>
最大MP
<size=80%>400.0</size>
MP回復速度
<size=80%>50.0</size>
SP回復速度
<size=80%>5.0</size>
SP増加量
<size=80%>100.0%</size>
攻撃力
<size=80%>110000.0</size>
防御力
<size=80%>125000.0</size>
近距離ダメージ
<size=80%>100.0%</size>
遠距離ダメージ
<size=80%>100.0%</size>
通常ダメージ
<size=80%>100.0%</size>
重撃ダメージ
<size=80%>100.0%</size>
落下ダメージ
<size=80%>100.0%</size>
スキルダメージ
<size=80%>100.0%</size>
必殺ダメージ
<size=80%>100.0%</size>","最大HP
<size=80%>700000.0</size>
HP回復速度
<size=80%>10000.0</size>
最大MP
<size=80%>400.0</size>
MP回復速度
<size=80%>50.0</size>
SP回復速度
<size=80%>5.0</size>
SP増加量
<size=80%>100.0%</size>
攻撃力
<size=80%>110000.0</size>
防御力
<size=80%>125000.0</size>
近距離ダメージ
<size=80%>100.0%</size>
遠距離ダメージ
<size=80%>100.0%</size>
通常ダメージ
<size=80%>100.0%</size>
重撃ダメージ
<size=80%>100.0%</size>
落下ダメージ
<size=80%>100.0%</size>
スキルダメージ
<size=80%>100.0%</size>
必殺ダメージ
<size=80%>100.0%</size>"
"選
択
し
て
変
更","選
択
し
て
変
更","選
択
し
て
変
更"
"攻撃
パッシブ","攻撃
パッシブ","攻撃
パッシブ"
"感想
フィードバック","感想
フィードバック","感想
フィードバック"
"パ
ッ
シ
ブ","パ
ッ
シ
ブ","パ
ッ
シ
ブ"
"裏
攻
撃","裏
攻
撃","裏
攻
撃"
"表
攻
撃","表
攻
撃","表
攻
撃"
"セーブデータ
入出力","セーブデータ
入出力","セーブデータ
入出力"
"ソロ   ☆☆☆
マルチ☆☆☆","ソロ   ☆☆☆
マルチ☆☆☆","ソロ   ☆☆☆
マルチ☆☆☆"
"分岐
タイミング","分岐
タイミング","分岐
タイミング"
"「Mr.WHead-37」
<size=75%>落下:形状1","「Mr.WHead-37」
<size=75%>落下:形状1","「Mr.WHead-37」
<size=75%>落下:形状1"
"「Mr.WHead-36」
<size=75%>落下:形状2","「Mr.WHead-36」
<size=75%>落下:形状2","「Mr.WHead-36」
<size=75%>落下:形状2"
"「Mr.WHead-35」
<size=75%>混沌:形状4","「Mr.WHead-35」
<size=75%>混沌:形状4","「Mr.WHead-35」
<size=75%>混沌:形状4"
"「Mr.WHead-34」
<size=75%>混沌:形状3","「Mr.WHead-34」
<size=75%>混沌:形状3","「Mr.WHead-34」
<size=75%>混沌:形状3"
"「Mr.WHead-33」
<size=75%>通常:形状1","「Mr.WHead-33」
<size=75%>通常:形状1","「Mr.WHead-33」
<size=75%>通常:形状1"
"「Mr.WHead-32」
<size=75%>混沌:形状4","「Mr.WHead-32」
<size=75%>混沌:形状4","「Mr.WHead-32」
<size=75%>混沌:形状4"
"「Mr.WHead-31」
<size=75%>通常:形状3","「Mr.WHead-31」
<size=75%>通常:形状3","「Mr.WHead-31」
<size=75%>通常:形状3"
"「Mr.WHead-30」
<size=75%>通常:形状5","「Mr.WHead-30」
<size=75%>通常:形状5","「Mr.WHead-30」
<size=75%>通常:形状5"
"「Mr.WHead-29」
<size=75%>落下:形状4","「Mr.WHead-29」
<size=75%>落下:形状4","「Mr.WHead-29」
<size=75%>落下:形状4"
"「ザコ敵-28」
<size=75%>体力:形状4","「ザコ敵-28」
<size=75%>体力:形状4","「ザコ敵-28」
<size=75%>体力:形状4"
"「ザコ敵-27」
<size=75%>体力:形状1","「ザコ敵-27」
<size=75%>体力:形状1","「ザコ敵-27」
<size=75%>体力:形状1"
"「ザコ敵-26」
<size=75%>防御:形状3","「ザコ敵-26」
<size=75%>防御:形状3","「ザコ敵-26」
<size=75%>防御:形状3"
"「Fall」
<size=75%>落下:形状5","「Fall」
<size=75%>落下:形状5","「Fall」
<size=75%>落下:形状5"
"「Fall」
<size=75%>落下:形状4","「Fall」
<size=75%>落下:形状4","「Fall」
<size=75%>落下:形状4"
"「Fall」
<size=75%>落下:形状3","「Fall」
<size=75%>落下:形状3","「Fall」
<size=75%>落下:形状3"
"「Fall」
<size=75%>落下:形状2","「Fall」
<size=75%>落下:形状2","「Fall」
<size=75%>落下:形状2"
"「Fall」
<size=75%>落下:形状1","「Fall」
<size=75%>落下:形状1","「Fall」
<size=75%>落下:形状1"
"「Skill」
<size=75%>スキル:形状1","「Skill」
<size=75%>スキル:形状1","「Skill」
<size=75%>スキル:形状1"
"「Skill」
<size=75%>スキル:形状2","「Skill」
<size=75%>スキル:形状2","「Skill」
<size=75%>スキル:形状2"
"「Skill」
<size=75%>スキル:形状3","「Skill」
<size=75%>スキル:形状3","「Skill」
<size=75%>スキル:形状3"
"「Skill」
<size=75%>スキル:形状4","「Skill」
<size=75%>スキル:形状4","「Skill」
<size=75%>スキル:形状4"
"「Skill」
<size=75%>スキル:形状5","「Skill」
<size=75%>スキル:形状5","「Skill」
<size=75%>スキル:形状5"
"「Main」
<size=75%>通常:形状5","「Main」
<size=75%>通常:形状5","「Main」
<size=75%>通常:形状5"
"「Main」
<size=75%>通常:形状4","「Main」
<size=75%>通常:形状4","「Main」
<size=75%>通常:形状4"
"「Main」
<size=75%>通常:形状3","「Main」
<size=75%>通常:形状3","「Main」
<size=75%>通常:形状3"
"「Main」
<size=75%>通常:形状2","「Main」
<size=75%>通常:形状2","「Main」
<size=75%>通常:形状2"
"「Main」
<size=75%>通常:形状1","「Main」
<size=75%>通常:形状1","「Main」
<size=75%>通常:形状1"
"「a」
<size=75%>必殺:形状5","「a」
<size=75%>必殺:形状5","「a」
<size=75%>必殺:形状5"
"「a」
<size=75%>必殺:形状4","「a」
<size=75%>必殺:形状4","「a」
<size=75%>必殺:形状4"
"「a」
<size=75%>必殺:形状3","「a」
<size=75%>必殺:形状3","「a」
<size=75%>必殺:形状3"
"「a」
<size=75%>必殺:形状2","「a」
<size=75%>必殺:形状2","「a」
<size=75%>必殺:形状2"
"「」
<size=75%>必殺:形状1","「」
<size=75%>必殺:形状1","「」
<size=75%>必殺:形状1"
"No
","No
","No
"
"「」
<size=75%>速度:形状5","「」
<size=75%>速度:形状5","「」
<size=75%>速度:形状5"
"「」
<size=75%>速度:形状4","「」
<size=75%>速度:形状4","「」
<size=75%>速度:形状4"
"「」
<size=75%>速度:形状3","「」
<size=75%>速度:形状3","「」
<size=75%>速度:形状3"
"「」
<size=75%>速度:形状2","「」
<size=75%>速度:形状2","「」
<size=75%>速度:形状2"
"「」
<size=75%>速度:形状1","「」
<size=75%>速度:形状1","「」
<size=75%>速度:形状1"
"最大HP
<size=80%>700000.0</size>
HP回復速度
<size=80%>10000.0</size>
最大MP
<size=80%>400.0</size>
MP回復速度
<size=80%>50.0</size>
SP回復速度
<size=80%>5.0</size>
SP増加量
<size=80%>100.0%</size>
攻撃力
<size=80%>110000.0</size>
防御力
<size=80%>125000.0</size>
近距離ダメージ
<size=80%>100.0%</size>
遠距離ダメージ
<size=80%>100.0%</size>
通常ダメージ
<size=80%>100.0%</size>
重撃ダメージ
<size=80%>100.0%</size>
落下ダメージ
<size=80%>100.0%</size>
スキルダメージ
<size=80%>100.0%</size>
必殺ダメージ
<size=80%>100.0%</size>","最大HP
<size=80%>700000.0</size>
HP回復速度
<size=80%>10000.0</size>
最大MP
<size=80%>400.0</size>
MP回復速度
<size=80%>50.0</size>
SP回復速度
<size=80%>5.0</size>
SP増加量
<size=80%>100.0%</size>
攻撃力
<size=80%>110000.0</size>
防御力
<size=80%>125000.0</size>
近距離ダメージ
<size=80%>100.0%</size>
遠距離ダメージ
<size=80%>100.0%</size>
通常ダメージ
<size=80%>100.0%</size>
重撃ダメージ
<size=80%>100.0%</size>
落下ダメージ
<size=80%>100.0%</size>
スキルダメージ
<size=80%>100.0%</size>
必殺ダメージ
<size=80%>100.0%</size>","最大HP
<size=80%>700000.0</size>
HP回復速度
<size=80%>10000.0</size>
最大MP
<size=80%>400.0</size>
MP回復速度
<size=80%>50.0</size>
SP回復速度
<size=80%>5.0</size>
SP増加量
<size=80%>100.0%</size>
攻撃力
<size=80%>110000.0</size>
防御力
<size=80%>125000.0</size>
近距離ダメージ
<size=80%>100.0%</size>
遠距離ダメージ
<size=80%>100.0%</size>
通常ダメージ
<size=80%>100.0%</size>
重撃ダメージ
<size=80%>100.0%</size>
落下ダメージ
<size=80%>100.0%</size>
スキルダメージ
<size=80%>100.0%</size>
必殺ダメージ
<size=80%>100.0%</size>"
"選
択
し
て
変
更","選
択
し
て
変
更","選
択
し
て
変
更"
"攻撃
パッシブ","攻撃
パッシブ","攻撃
パッシブ"
"感想
フィードバック","感想
フィードバック","感想
フィードバック"
"パ
ッ
シ
ブ","パ
ッ
シ
ブ","パ
ッ
シ
ブ"
"裏
攻
撃","裏
攻
撃","裏
攻
撃"
"表
攻
撃","表
攻
撃","表
攻
撃"
"セーブデータ
入出力","セーブデータ
入出力","セーブデータ
入出力"
"ソロ   ☆☆☆
マルチ☆☆☆","ソロ   ☆☆☆
マルチ☆☆☆","ソロ   ☆☆☆
マルチ☆☆☆"
"分岐
タイミング","分岐
タイミング","分岐
タイミング"
"「Mr.WHead-37」
<size=75%>落下:形状1","「Mr.WHead-37」
<size=75%>落下:形状1","「Mr.WHead-37」
<size=75%>落下:形状1"
"「Mr.WHead-36」
<size=75%>落下:形状2","「Mr.WHead-36」
<size=75%>落下:形状2","「Mr.WHead-36」
<size=75%>落下:形状2"
"「Mr.WHead-35」
<size=75%>混沌:形状4","「Mr.WHead-35」
<size=75%>混沌:形状4","「Mr.WHead-35」
<size=75%>混沌:形状4"
"「Mr.WHead-34」
<size=75%>混沌:形状3","「Mr.WHead-34」
<size=75%>混沌:形状3","「Mr.WHead-34」
<size=75%>混沌:形状3"
"「Mr.WHead-33」
<size=75%>通常:形状1","「Mr.WHead-33」
<size=75%>通常:形状1","「Mr.WHead-33」
<size=75%>通常:形状1"
"「Mr.WHead-32」
<size=75%>混沌:形状4","「Mr.WHead-32」
<size=75%>混沌:形状4","「Mr.WHead-32」
<size=75%>混沌:形状4"
"「Mr.WHead-31」
<size=75%>通常:形状3","「Mr.WHead-31」
<size=75%>通常:形状3","「Mr.WHead-31」
<size=75%>通常:形状3"
"「Mr.WHead-30」
<size=75%>通常:形状5","「Mr.WHead-30」
<size=75%>通常:形状5","「Mr.WHead-30」
<size=75%>通常:形状5"
"「Mr.WHead-29」
<size=75%>落下:形状4","「Mr.WHead-29」
<size=75%>落下:形状4","「Mr.WHead-29」
<size=75%>落下:形状4"
"「ザコ敵-28」
<size=75%>体力:形状4","「ザコ敵-28」
<size=75%>体力:形状4","「ザコ敵-28」
<size=75%>体力:形状4"
"「ザコ敵-27」
<size=75%>体力:形状1","「ザコ敵-27」
<size=75%>体力:形状1","「ザコ敵-27」
<size=75%>体力:形状1"
"「ザコ敵-26」
<size=75%>防御:形状3","「ザコ敵-26」
<size=75%>防御:形状3","「ザコ敵-26」
<size=75%>防御:形状3"
"「Fall」
<size=75%>落下:形状5","「Fall」
<size=75%>落下:形状5","「Fall」
<size=75%>落下:形状5"
"「Fall」
<size=75%>落下:形状4","「Fall」
<size=75%>落下:形状4","「Fall」
<size=75%>落下:形状4"
"「Fall」
<size=75%>落下:形状3","「Fall」
<size=75%>落下:形状3","「Fall」
<size=75%>落下:形状3"
"「Fall」
<size=75%>落下:形状2","「Fall」
<size=75%>落下:形状2","「Fall」
<size=75%>落下:形状2"
"「Fall」
<size=75%>落下:形状1","「Fall」
<size=75%>落下:形状1","「Fall」
<size=75%>落下:形状1"
"「Skill」
<size=75%>スキル:形状1","「Skill」
<size=75%>スキル:形状1","「Skill」
<size=75%>スキル:形状1"
"「Skill」
<size=75%>スキル:形状2","「Skill」
<size=75%>スキル:形状2","「Skill」
<size=75%>スキル:形状2"
"「Skill」
<size=75%>スキル:形状3","「Skill」
<size=75%>スキル:形状3","「Skill」
<size=75%>スキル:形状3"
"「Skill」
<size=75%>スキル:形状4","「Skill」
<size=75%>スキル:形状4","「Skill」
<size=75%>スキル:形状4"
"「Skill」
<size=75%>スキル:形状5","「Skill」
<size=75%>スキル:形状5","「Skill」
<size=75%>スキル:形状5"
"「Main」
<size=75%>通常:形状5","「Main」
<size=75%>通常:形状5","「Main」
<size=75%>通常:形状5"
"「Main」
<size=75%>通常:形状4","「Main」
<size=75%>通常:形状4","「Main」
<size=75%>通常:形状4"
"「Main」
<size=75%>通常:形状3","「Main」
<size=75%>通常:形状3","「Main」
<size=75%>通常:形状3"
"「Main」
<size=75%>通常:形状2","「Main」
<size=75%>通常:形状2","「Main」
<size=75%>通常:形状2"
"「Main」
<size=75%>通常:形状1","「Main」
<size=75%>通常:形状1","「Main」
<size=75%>通常:形状1"
"「a」
<size=75%>必殺:形状5","「a」
<size=75%>必殺:形状5","「a」
<size=75%>必殺:形状5"
"「a」
<size=75%>必殺:形状4","「a」
<size=75%>必殺:形状4","「a」
<size=75%>必殺:形状4"
"「a」
<size=75%>必殺:形状3","「a」
<size=75%>必殺:形状3","「a」
<size=75%>必殺:形状3"
"「a」
<size=75%>必殺:形状2","「a」
<size=75%>必殺:形状2","「a」
<size=75%>必殺:形状2"
"「」
<size=75%>必殺:形状1","「」
<size=75%>必殺:形状1","「」
<size=75%>必殺:形状1"
"No
","No
","No
"
"「」
<size=75%>速度:形状5","「」
<size=75%>速度:形状5","「」
<size=75%>速度:形状5"
"「」
<size=75%>速度:形状4","「」
<size=75%>速度:形状4","「」
<size=75%>速度:形状4"
"「」
<size=75%>速度:形状3","「」
<size=75%>速度:形状3","「」
<size=75%>速度:形状3"
"「」
<size=75%>速度:形状2","「」
<size=75%>速度:形状2","「」
<size=75%>速度:形状2"
"「」
<size=75%>速度:形状1","「」
<size=75%>速度:形状1","「」
<size=75%>速度:形状1"
"最大HP
<size=80%>700000.0</size>
HP回復速度
<size=80%>10000.0</size>
最大MP
<size=80%>400.0</size>
MP回復速度
<size=80%>50.0</size>
SP回復速度
<size=80%>5.0</size>
SP増加量
<size=80%>100.0%</size>
攻撃力
<size=80%>110000.0</size>
防御力
<size=80%>125000.0</size>
近距離ダメージ
<size=80%>100.0%</size>
遠距離ダメージ
<size=80%>100.0%</size>
通常ダメージ
<size=80%>100.0%</size>
重撃ダメージ
<size=80%>100.0%</size>
落下ダメージ
<size=80%>100.0%</size>
スキルダメージ
<size=80%>100.0%</size>
必殺ダメージ
<size=80%>100.0%</size>","最大HP
<size=80%>700000.0</size>
HP回復速度
<size=80%>10000.0</size>
最大MP
<size=80%>400.0</size>
MP回復速度
<size=80%>50.0</size>
SP回復速度
<size=80%>5.0</size>
SP増加量
<size=80%>100.0%</size>
攻撃力
<size=80%>110000.0</size>
防御力
<size=80%>125000.0</size>
近距離ダメージ
<size=80%>100.0%</size>
遠距離ダメージ
<size=80%>100.0%</size>
通常ダメージ
<size=80%>100.0%</size>
重撃ダメージ
<size=80%>100.0%</size>
落下ダメージ
<size=80%>100.0%</size>
スキルダメージ
<size=80%>100.0%</size>
必殺ダメージ
<size=80%>100.0%</size>","最大HP
<size=80%>700000.0</size>
HP回復速度
<size=80%>10000.0</size>
最大MP
<size=80%>400.0</size>
MP回復速度
<size=80%>50.0</size>
SP回復速度
<size=80%>5.0</size>
SP増加量
<size=80%>100.0%</size>
攻撃力
<size=80%>110000.0</size>
防御力
<size=80%>125000.0</size>
近距離ダメージ
<size=80%>100.0%</size>
遠距離ダメージ
<size=80%>100.0%</size>
通常ダメージ
<size=80%>100.0%</size>
重撃ダメージ
<size=80%>100.0%</size>
落下ダメージ
<size=80%>100.0%</size>
スキルダメージ
<size=80%>100.0%</size>
必殺ダメージ
<size=80%>100.0%</size>"
"選
択
し
て
変
更","選
択
し
て
変
更","選
択
し
て
変
更"
"攻撃
パッシブ","攻撃
パッシブ","攻撃
パッシブ"
"感想
フィードバック","感想
フィードバック","感想
フィードバック"
"パ
ッ
シ
ブ","パ
ッ
シ
ブ","パ
ッ
シ
ブ"
"裏
攻
撃","裏
攻
撃","裏
攻
撃"
"表
攻
撃","表
攻
撃","表
攻
撃"
"セーブデータ
入出力","セーブデータ
入出力","セーブデータ
入出力"
"ソロ   ☆☆☆
マルチ☆☆☆","ソロ   ☆☆☆
マルチ☆☆☆","ソロ   ☆☆☆
マルチ☆☆☆"
"分岐
タイミング","分岐
タイミング","分岐
タイミング"
"「Mr.WHead-37」
<size=75%>落下:形状1","「Mr.WHead-37」
<size=75%>落下:形状1","「Mr.WHead-37」
<size=75%>落下:形状1"
"「Mr.WHead-36」
<size=75%>落下:形状2","「Mr.WHead-36」
<size=75%>落下:形状2","「Mr.WHead-36」
<size=75%>落下:形状2"
"「Mr.WHead-35」
<size=75%>混沌:形状4","「Mr.WHead-35」
<size=75%>混沌:形状4","「Mr.WHead-35」
<size=75%>混沌:形状4"
"「Mr.WHead-34」
<size=75%>混沌:形状3","「Mr.WHead-34」
<size=75%>混沌:形状3","「Mr.WHead-34」
<size=75%>混沌:形状3"
"「Mr.WHead-33」
<size=75%>通常:形状1","「Mr.WHead-33」
<size=75%>通常:形状1","「Mr.WHead-33」
<size=75%>通常:形状1"
"「Mr.WHead-32」
<size=75%>混沌:形状4","「Mr.WHead-32」
<size=75%>混沌:形状4","「Mr.WHead-32」
<size=75%>混沌:形状4"
"「Mr.WHead-31」
<size=75%>通常:形状3","「Mr.WHead-31」
<size=75%>通常:形状3","「Mr.WHead-31」
<size=75%>通常:形状3"
"「Mr.WHead-30」
<size=75%>通常:形状5","「Mr.WHead-30」
<size=75%>通常:形状5","「Mr.WHead-30」
<size=75%>通常:形状5"
"「Mr.WHead-29」
<size=75%>落下:形状4","「Mr.WHead-29」
<size=75%>落下:形状4","「Mr.WHead-29」
<size=75%>落下:形状4"
"「ザコ敵-28」
<size=75%>体力:形状4","「ザコ敵-28」
<size=75%>体力:形状4","「ザコ敵-28」
<size=75%>体力:形状4"
"「ザコ敵-27」
<size=75%>体力:形状1","「ザコ敵-27」
<size=75%>体力:形状1","「ザコ敵-27」
<size=75%>体力:形状1"
"「ザコ敵-26」
<size=75%>防御:形状3","「ザコ敵-26」
<size=75%>防御:形状3","「ザコ敵-26」
<size=75%>防御:形状3"
"「Fall」
<size=75%>落下:形状5","「Fall」
<size=75%>落下:形状5","「Fall」
<size=75%>落下:形状5"
"「Fall」
<size=75%>落下:形状4","「Fall」
<size=75%>落下:形状4","「Fall」
<size=75%>落下:形状4"
"「Fall」
<size=75%>落下:形状3","「Fall」
<size=75%>落下:形状3","「Fall」
<size=75%>落下:形状3"
"「Fall」
<size=75%>落下:形状2","「Fall」
<size=75%>落下:形状2","「Fall」
<size=75%>落下:形状2"
"「Fall」
<size=75%>落下:形状1","「Fall」
<size=75%>落下:形状1","「Fall」
<size=75%>落下:形状1"
"「Skill」
<size=75%>スキル:形状1","「Skill」
<size=75%>スキル:形状1","「Skill」
<size=75%>スキル:形状1"
"「Skill」
<size=75%>スキル:形状2","「Skill」
<size=75%>スキル:形状2","「Skill」
<size=75%>スキル:形状2"
"「Skill」
<size=75%>スキル:形状3","「Skill」
<size=75%>スキル:形状3","「Skill」
<size=75%>スキル:形状3"
"「Skill」
<size=75%>スキル:形状4","「Skill」
<size=75%>スキル:形状4","「Skill」
<size=75%>スキル:形状4"
"「Skill」
<size=75%>スキル:形状5","「Skill」
<size=75%>スキル:形状5","「Skill」
<size=75%>スキル:形状5"
"「Main」
<size=75%>通常:形状5","「Main」
<size=75%>通常:形状5","「Main」
<size=75%>通常:形状5"
"「Main」
<size=75%>通常:形状4","「Main」
<size=75%>通常:形状4","「Main」
<size=75%>通常:形状4"
"「Main」
<size=75%>通常:形状3","「Main」
<size=75%>通常:形状3","「Main」
<size=75%>通常:形状3"
"「Main」
<size=75%>通常:形状2","「Main」
<size=75%>通常:形状2","「Main」
<size=75%>通常:形状2"
"「Main」
<size=75%>通常:形状1","「Main」
<size=75%>通常:形状1","「Main」
<size=75%>通常:形状1"
"「a」
<size=75%>必殺:形状5","「a」
<size=75%>必殺:形状5","「a」
<size=75%>必殺:形状5"
"「a」
<size=75%>必殺:形状4","「a」
<size=75%>必殺:形状4","「a」
<size=75%>必殺:形状4"
"「a」
<size=75%>必殺:形状3","「a」
<size=75%>必殺:形状3","「a」
<size=75%>必殺:形状3"
"「a」
<size=75%>必殺:形状2","「a」
<size=75%>必殺:形状2","「a」
<size=75%>必殺:形状2"
"「」
<size=75%>必殺:形状1","「」
<size=75%>必殺:形状1","「」
<size=75%>必殺:形状1"
"No
","No
","No
"
"「」
<size=75%>速度:形状5","「」
<size=75%>速度:形状5","「」
<size=75%>速度:形状5"
"「」
<size=75%>速度:形状4","「」
<size=75%>速度:形状4","「」
<size=75%>速度:形状4"
"「」
<size=75%>速度:形状3","「」
<size=75%>速度:形状3","「」
<size=75%>速度:形状3"
"「」
<size=75%>速度:形状2","「」
<size=75%>速度:形状2","「」
<size=75%>速度:形状2"
"「」
<size=75%>速度:形状1","「」
<size=75%>速度:形状1","「」
<size=75%>速度:形状1"
"最大HP
<size=80%>700000.0</size>
HP回復速度
<size=80%>10000.0</size>
最大MP
<size=80%>400.0</size>
MP回復速度
<size=80%>50.0</size>
SP回復速度
<size=80%>5.0</size>
SP増加量
<size=80%>100.0%</size>
攻撃力
<size=80%>110000.0</size>
防御力
<size=80%>125000.0</size>
近距離ダメージ
<size=80%>100.0%</size>
遠距離ダメージ
<size=80%>100.0%</size>
通常ダメージ
<size=80%>100.0%</size>
重撃ダメージ
<size=80%>100.0%</size>
落下ダメージ
<size=80%>100.0%</size>
スキルダメージ
<size=80%>100.0%</size>
必殺ダメージ
<size=80%>100.0%</size>","最大HP
<size=80%>700000.0</size>
HP回復速度
<size=80%>10000.0</size>
最大MP
<size=80%>400.0</size>
MP回復速度
<size=80%>50.0</size>
SP回復速度
<size=80%>5.0</size>
SP増加量
<size=80%>100.0%</size>
攻撃力
<size=80%>110000.0</size>
防御力
<size=80%>125000.0</size>
近距離ダメージ
<size=80%>100.0%</size>
遠距離ダメージ
<size=80%>100.0%</size>
通常ダメージ
<size=80%>100.0%</size>
重撃ダメージ
<size=80%>100.0%</size>
落下ダメージ
<size=80%>100.0%</size>
スキルダメージ
<size=80%>100.0%</size>
必殺ダメージ
<size=80%>100.0%</size>","最大HP
<size=80%>700000.0</size>
HP回復速度
<size=80%>10000.0</size>
最大MP
<size=80%>400.0</size>
MP回復速度
<size=80%>50.0</size>
SP回復速度
<size=80%>5.0</size>
SP増加量
<size=80%>100.0%</size>
攻撃力
<size=80%>110000.0</size>
防御力
<size=80%>125000.0</size>
近距離ダメージ
<size=80%>100.0%</size>
遠距離ダメージ
<size=80%>100.0%</size>
通常ダメージ
<size=80%>100.0%</size>
重撃ダメージ
<size=80%>100.0%</size>
落下ダメージ
<size=80%>100.0%</size>
スキルダメージ
<size=80%>100.0%</size>
必殺ダメージ
<size=80%>100.0%</size>"
"選
択
し
て
変
更","選
択
し
て
変
更","選
択
し
て
変
更"
"攻撃
パッシブ","攻撃
パッシブ","攻撃
パッシブ"
"感想
フィードバック","感想
フィードバック","感想
フィードバック"
"パ
ッ
シ
ブ","パ
ッ
シ
ブ","パ
ッ
シ
ブ"
"裏
攻
撃","裏
攻
撃","裏
攻
撃"
"表
攻
撃","表
攻
撃","表
攻
撃"
"セーブデータ
入出力","セーブデータ
入出力","セーブデータ
入出力"
"ソロ   ☆☆☆
マルチ☆☆☆","ソロ   ☆☆☆
マルチ☆☆☆","ソロ   ☆☆☆
マルチ☆☆☆"
"分岐
タイミング","分岐
タイミング","分岐
タイミング"
"「Mr.WHead-37」
<size=75%>落下:形状1","「Mr.WHead-37」
<size=75%>落下:形状1","「Mr.WHead-37」
<size=75%>落下:形状1"
"「Mr.WHead-36」
<size=75%>落下:形状2","「Mr.WHead-36」
<size=75%>落下:形状2","「Mr.WHead-36」
<size=75%>落下:形状2"
"「Mr.WHead-35」
<size=75%>混沌:形状4","「Mr.WHead-35」
<size=75%>混沌:形状4","「Mr.WHead-35」
<size=75%>混沌:形状4"
"「Mr.WHead-34」
<size=75%>混沌:形状3","「Mr.WHead-34」
<size=75%>混沌:形状3","「Mr.WHead-34」
<size=75%>混沌:形状3"
"「Mr.WHead-33」
<size=75%>通常:形状1","「Mr.WHead-33」
<size=75%>通常:形状1","「Mr.WHead-33」
<size=75%>通常:形状1"
"「Mr.WHead-32」
<size=75%>混沌:形状4","「Mr.WHead-32」
<size=75%>混沌:形状4","「Mr.WHead-32」
<size=75%>混沌:形状4"
"「Mr.WHead-31」
<size=75%>通常:形状3","「Mr.WHead-31」
<size=75%>通常:形状3","「Mr.WHead-31」
<size=75%>通常:形状3"
"「Mr.WHead-30」
<size=75%>通常:形状5","「Mr.WHead-30」
<size=75%>通常:形状5","「Mr.WHead-30」
<size=75%>通常:形状5"
"「Mr.WHead-29」
<size=75%>落下:形状4","「Mr.WHead-29」
<size=75%>落下:形状4","「Mr.WHead-29」
<size=75%>落下:形状4"
"「ザコ敵-28」
<size=75%>体力:形状4","「ザコ敵-28」
<size=75%>体力:形状4","「ザコ敵-28」
<size=75%>体力:形状4"
"「ザコ敵-27」
<size=75%>体力:形状1","「ザコ敵-27」
<size=75%>体力:形状1","「ザコ敵-27」
<size=75%>体力:形状1"
"「ザコ敵-26」
<size=75%>防御:形状3","「ザコ敵-26」
<size=75%>防御:形状3","「ザコ敵-26」
<size=75%>防御:形状3"
"「Fall」
<size=75%>落下:形状5","「Fall」
<size=75%>落下:形状5","「Fall」
<size=75%>落下:形状5"
"「Fall」
<size=75%>落下:形状4","「Fall」
<size=75%>落下:形状4","「Fall」
<size=75%>落下:形状4"
"「Fall」
<size=75%>落下:形状3","「Fall」
<size=75%>落下:形状3","「Fall」
<size=75%>落下:形状3"
"「Fall」
<size=75%>落下:形状2","「Fall」
<size=75%>落下:形状2","「Fall」
<size=75%>落下:形状2"
"「Fall」
<size=75%>落下:形状1","「Fall」
<size=75%>落下:形状1","「Fall」
<size=75%>落下:形状1"
"「Skill」
<size=75%>スキル:形状1","「Skill」
<size=75%>スキル:形状1","「Skill」
<size=75%>スキル:形状1"
"「Skill」
<size=75%>スキル:形状2","「Skill」
<size=75%>スキル:形状2","「Skill」
<size=75%>スキル:形状2"
"「Skill」
<size=75%>スキル:形状3","「Skill」
<size=75%>スキル:形状3","「Skill」
<size=75%>スキル:形状3"
"「Skill」
<size=75%>スキル:形状4","「Skill」
<size=75%>スキル:形状4","「Skill」
<size=75%>スキル:形状4"
"「Skill」
<size=75%>スキル:形状5","「Skill」
<size=75%>スキル:形状5","「Skill」
<size=75%>スキル:形状5"
"「Main」
<size=75%>通常:形状5","「Main」
<size=75%>通常:形状5","「Main」
<size=75%>通常:形状5"
"「Main」
<size=75%>通常:形状4","「Main」
<size=75%>通常:形状4","「Main」
<size=75%>通常:形状4"
"「Main」
<size=75%>通常:形状3","「Main」
<size=75%>通常:形状3","「Main」
<size=75%>通常:形状3"
"「Main」
<size=75%>通常:形状2","「Main」
<size=75%>通常:形状2","「Main」
<size=75%>通常:形状2"
"「Main」
<size=75%>通常:形状1","「Main」
<size=75%>通常:形状1","「Main」
<size=75%>通常:形状1"
"「a」
<size=75%>必殺:形状5","「a」
<size=75%>必殺:形状5","「a」
<size=75%>必殺:形状5"
"「a」
<size=75%>必殺:形状4","「a」
<size=75%>必殺:形状4","「a」
<size=75%>必殺:形状4"
"「a」
<size=75%>必殺:形状3","「a」
<size=75%>必殺:形状3","「a」
<size=75%>必殺:形状3"
"「a」
<size=75%>必殺:形状2","「a」
<size=75%>必殺:形状2","「a」
<size=75%>必殺:形状2"
"「」
<size=75%>必殺:形状1","「」
<size=75%>必殺:形状1","「」
<size=75%>必殺:形状1"
"No
","No
","No
"
"「」
<size=75%>速度:形状5","「」
<size=75%>速度:形状5","「」
<size=75%>速度:形状5"
"「」
<size=75%>速度:形状4","「」
<size=75%>速度:形状4","「」
<size=75%>速度:形状4"
"「」
<size=75%>速度:形状3","「」
<size=75%>速度:形状3","「」
<size=75%>速度:形状3"
"「」
<size=75%>速度:形状2","「」
<size=75%>速度:形状2","「」
<size=75%>速度:形状2"
"「」
<size=75%>速度:形状1","「」
<size=75%>速度:形状1","「」
<size=75%>速度:形状1"
"最大HP
<size=80%>700000.0</size>
HP回復速度
<size=80%>10000.0</size>
最大MP
<size=80%>400.0</size>
MP回復速度
<size=80%>50.0</size>
SP回復速度
<size=80%>5.0</size>
SP増加量
<size=80%>100.0%</size>
攻撃力
<size=80%>110000.0</size>
防御力
<size=80%>125000.0</size>
近距離ダメージ
<size=80%>100.0%</size>
遠距離ダメージ
<size=80%>100.0%</size>
通常ダメージ
<size=80%>100.0%</size>
重撃ダメージ
<size=80%>100.0%</size>
落下ダメージ
<size=80%>100.0%</size>
スキルダメージ
<size=80%>100.0%</size>
必殺ダメージ
<size=80%>100.0%</size>","最大HP
<size=80%>700000.0</size>
HP回復速度
<size=80%>10000.0</size>
最大MP
<size=80%>400.0</size>
MP回復速度
<size=80%>50.0</size>
SP回復速度
<size=80%>5.0</size>
SP増加量
<size=80%>100.0%</size>
攻撃力
<size=80%>110000.0</size>
防御力
<size=80%>125000.0</size>
近距離ダメージ
<size=80%>100.0%</size>
遠距離ダメージ
<size=80%>100.0%</size>
通常ダメージ
<size=80%>100.0%</size>
重撃ダメージ
<size=80%>100.0%</size>
落下ダメージ
<size=80%>100.0%</size>
スキルダメージ
<size=80%>100.0%</size>
必殺ダメージ
<size=80%>100.0%</size>","最大HP
<size=80%>700000.0</size>
HP回復速度
<size=80%>10000.0</size>
最大MP
<size=80%>400.0</size>
MP回復速度
<size=80%>50.0</size>
SP回復速度
<size=80%>5.0</size>
SP増加量
<size=80%>100.0%</size>
攻撃力
<size=80%>110000.0</size>
防御力
<size=80%>125000.0</size>
近距離ダメージ
<size=80%>100.0%</size>
遠距離ダメージ
<size=80%>100.0%</size>
通常ダメージ
<size=80%>100.0%</size>
重撃ダメージ
<size=80%>100.0%</size>
落下ダメージ
<size=80%>100.0%</size>
スキルダメージ
<size=80%>100.0%</size>
必殺ダメージ
<size=80%>100.0%</size>"
"選
択
し
て
変
更","選
択
し
て
変
更","選
択
し
て
変
更"
"攻撃
パッシブ","攻撃
パッシブ","攻撃
パッシブ"
"感想
フィードバック","感想
フィードバック","感想
フィードバック"
"パ
ッ
シ
ブ","パ
ッ
シ
ブ","パ
ッ
シ
ブ"
"裏
攻
撃","裏
攻
撃","裏
攻
撃"
"表
攻
撃","表
攻
撃","表
攻
撃"
"セーブデータ
入出力","セーブデータ
入出力","セーブデータ
入出力"
"ソロ   ☆☆☆
マルチ☆☆☆","ソロ   ☆☆☆
マルチ☆☆☆","ソロ   ☆☆☆
マルチ☆☆☆"
"分岐
タイミング","分岐
タイミング","分岐
タイミング"
"「Mr.WHead-37」
<size=75%>落下:形状1","「Mr.WHead-37」
<size=75%>落下:形状1","「Mr.WHead-37」
<size=75%>落下:形状1"
"「Mr.WHead-36」
<size=75%>落下:形状2","「Mr.WHead-36」
<size=75%>落下:形状2","「Mr.WHead-36」
<size=75%>落下:形状2"
"「Mr.WHead-35」
<size=75%>混沌:形状4","「Mr.WHead-35」
<size=75%>混沌:形状4","「Mr.WHead-35」
<size=75%>混沌:形状4"
"「Mr.WHead-34」
<size=75%>混沌:形状3","「Mr.WHead-34」
<size=75%>混沌:形状3","「Mr.WHead-34」
<size=75%>混沌:形状3"
"「Mr.WHead-33」
<size=75%>通常:形状1","「Mr.WHead-33」
<size=75%>通常:形状1","「Mr.WHead-33」
<size=75%>通常:形状1"
"「Mr.WHead-32」
<size=75%>混沌:形状4","「Mr.WHead-32」
<size=75%>混沌:形状4","「Mr.WHead-32」
<size=75%>混沌:形状4"
"「Mr.WHead-31」
<size=75%>通常:形状3","「Mr.WHead-31」
<size=75%>通常:形状3","「Mr.WHead-31」
<size=75%>通常:形状3"
"「Mr.WHead-30」
<size=75%>通常:形状5","「Mr.WHead-30」
<size=75%>通常:形状5","「Mr.WHead-30」
<size=75%>通常:形状5"
"「Mr.WHead-29」
<size=75%>落下:形状4","「Mr.WHead-29」
<size=75%>落下:形状4","「Mr.WHead-29」
<size=75%>落下:形状4"
"「ザコ敵-28」
<size=75%>体力:形状4","「ザコ敵-28」
<size=75%>体力:形状4","「ザコ敵-28」
<size=75%>体力:形状4"
"「ザコ敵-27」
<size=75%>体力:形状1","「ザコ敵-27」
<size=75%>体力:形状1","「ザコ敵-27」
<size=75%>体力:形状1"
"「ザコ敵-26」
<size=75%>防御:形状3","「ザコ敵-26」
<size=75%>防御:形状3","「ザコ敵-26」
<size=75%>防御:形状3"
"「Fall」
<size=75%>落下:形状5","「Fall」
<size=75%>落下:形状5","「Fall」
<size=75%>落下:形状5"
"「Fall」
<size=75%>落下:形状4","「Fall」
<size=75%>落下:形状4","「Fall」
<size=75%>落下:形状4"
"「Fall」
<size=75%>落下:形状3","「Fall」
<size=75%>落下:形状3","「Fall」
<size=75%>落下:形状3"
"「Fall」
<size=75%>落下:形状2","「Fall」
<size=75%>落下:形状2","「Fall」
<size=75%>落下:形状2"
"「Fall」
<size=75%>落下:形状1","「Fall」
<size=75%>落下:形状1","「Fall」
<size=75%>落下:形状1"
"「Skill」
<size=75%>スキル:形状1","「Skill」
<size=75%>スキル:形状1","「Skill」
<size=75%>スキル:形状1"
"「Skill」
<size=75%>スキル:形状2","「Skill」
<size=75%>スキル:形状2","「Skill」
<size=75%>スキル:形状2"
"「Skill」
<size=75%>スキル:形状3","「Skill」
<size=75%>スキル:形状3","「Skill」
<size=75%>スキル:形状3"
"「Skill」
<size=75%>スキル:形状4","「Skill」
<size=75%>スキル:形状4","「Skill」
<size=75%>スキル:形状4"
"「Skill」
<size=75%>スキル:形状5","「Skill」
<size=75%>スキル:形状5","「Skill」
<size=75%>スキル:形状5"
"「Main」
<size=75%>通常:形状5","「Main」
<size=75%>通常:形状5","「Main」
<size=75%>通常:形状5"
"「Main」
<size=75%>通常:形状4","「Main」
<size=75%>通常:形状4","「Main」
<size=75%>通常:形状4"
"「Main」
<size=75%>通常:形状3","「Main」
<size=75%>通常:形状3","「Main」
<size=75%>通常:形状3"
"「Main」
<size=75%>通常:形状2","「Main」
<size=75%>通常:形状2","「Main」
<size=75%>通常:形状2"
"「Main」
<size=75%>通常:形状1","「Main」
<size=75%>通常:形状1","「Main」
<size=75%>通常:形状1"
"「a」
<size=75%>必殺:形状5","「a」
<size=75%>必殺:形状5","「a」
<size=75%>必殺:形状5"
"「a」
<size=75%>必殺:形状4","「a」
<size=75%>必殺:形状4","「a」
<size=75%>必殺:形状4"
"「a」
<size=75%>必殺:形状3","「a」
<size=75%>必殺:形状3","「a」
<size=75%>必殺:形状3"
"「a」
<size=75%>必殺:形状2","「a」
<size=75%>必殺:形状2","「a」
<size=75%>必殺:形状2"
"「」
<size=75%>必殺:形状1","「」
<size=75%>必殺:形状1","「」
<size=75%>必殺:形状1"
"No
","No
","No
"
"「」
<size=75%>速度:形状5","「」
<size=75%>速度:形状5","「」
<size=75%>速度:形状5"
"「」
<size=75%>速度:形状4","「」
<size=75%>速度:形状4","「」
<size=75%>速度:形状4"
"「」
<size=75%>速度:形状3","「」
<size=75%>速度:形状3","「」
<size=75%>速度:形状3"
"「」
<size=75%>速度:形状2","「」
<size=75%>速度:形状2","「」
<size=75%>速度:形状2"
"「」
<size=75%>速度:形状1","「」
<size=75%>速度:形状1","「」
<size=75%>速度:形状1"
"最大HP
<size=80%>700000.0</size>
HP回復速度
<size=80%>10000.0</size>
最大MP
<size=80%>400.0</size>
MP回復速度
<size=80%>50.0</size>
SP回復速度
<size=80%>5.0</size>
SP増加量
<size=80%>100.0%</size>
攻撃力
<size=80%>110000.0</size>
防御力
<size=80%>125000.0</size>
近距離ダメージ
<size=80%>100.0%</size>
遠距離ダメージ
<size=80%>100.0%</size>
通常ダメージ
<size=80%>100.0%</size>
重撃ダメージ
<size=80%>100.0%</size>
落下ダメージ
<size=80%>100.0%</size>
スキルダメージ
<size=80%>100.0%</size>
必殺ダメージ
<size=80%>100.0%</size>","最大HP
<size=80%>700000.0</size>
HP回復速度
<size=80%>10000.0</size>
最大MP
<size=80%>400.0</size>
MP回復速度
<size=80%>50.0</size>
SP回復速度
<size=80%>5.0</size>
SP増加量
<size=80%>100.0%</size>
攻撃力
<size=80%>110000.0</size>
防御力
<size=80%>125000.0</size>
近距離ダメージ
<size=80%>100.0%</size>
遠距離ダメージ
<size=80%>100.0%</size>
通常ダメージ
<size=80%>100.0%</size>
重撃ダメージ
<size=80%>100.0%</size>
落下ダメージ
<size=80%>100.0%</size>
スキルダメージ
<size=80%>100.0%</size>
必殺ダメージ
<size=80%>100.0%</size>","最大HP
<size=80%>700000.0</size>
HP回復速度
<size=80%>10000.0</size>
最大MP
<size=80%>400.0</size>
MP回復速度
<size=80%>50.0</size>
SP回復速度
<size=80%>5.0</size>
SP増加量
<size=80%>100.0%</size>
攻撃力
<size=80%>110000.0</size>
防御力
<size=80%>125000.0</size>
近距離ダメージ
<size=80%>100.0%</size>
遠距離ダメージ
<size=80%>100.0%</size>
通常ダメージ
<size=80%>100.0%</size>
重撃ダメージ
<size=80%>100.0%</size>
落下ダメージ
<size=80%>100.0%</size>
スキルダメージ
<size=80%>100.0%</size>
必殺ダメージ
<size=80%>100.0%</size>"
"選
択
し
て
変
更","選
択
し
て
変
更","選
択
し
て
変
更"
"攻撃
パッシブ","攻撃
パッシブ","攻撃
パッシブ"
"感想
フィードバック","感想
フィードバック","感想
フィードバック"
"パ
ッ
シ
ブ","パ
ッ
シ
ブ","パ
ッ
シ
ブ"
"裏
攻
撃","裏
攻
撃","裏
攻
撃"
"表
攻
撃","表
攻
撃","表
攻
撃"
"セーブデータ
入出力","セーブデータ
入出力","セーブデータ
入出力"
"ソロ   ☆☆☆
マルチ☆☆☆","ソロ   ☆☆☆
マルチ☆☆☆","ソロ   ☆☆☆
マルチ☆☆☆"
"分岐
タイミング","分岐
タイミング","分岐
タイミング"
"「Mr.WHead-37」
<size=75%>落下:形状1","「Mr.WHead-37」
<size=75%>落下:形状1","「Mr.WHead-37」
<size=75%>落下:形状1"
"「Mr.WHead-36」
<size=75%>落下:形状2","「Mr.WHead-36」
<size=75%>落下:形状2","「Mr.WHead-36」
<size=75%>落下:形状2"
"「Mr.WHead-35」
<size=75%>混沌:形状4","「Mr.WHead-35」
<size=75%>混沌:形状4","「Mr.WHead-35」
<size=75%>混沌:形状4"
"「Mr.WHead-34」
<size=75%>混沌:形状3","「Mr.WHead-34」
<size=75%>混沌:形状3","「Mr.WHead-34」
<size=75%>混沌:形状3"
"「Mr.WHead-33」
<size=75%>通常:形状1","「Mr.WHead-33」
<size=75%>通常:形状1","「Mr.WHead-33」
<size=75%>通常:形状1"
"「Mr.WHead-32」
<size=75%>混沌:形状4","「Mr.WHead-32」
<size=75%>混沌:形状4","「Mr.WHead-32」
<size=75%>混沌:形状4"
"「Mr.WHead-31」
<size=75%>通常:形状3","「Mr.WHead-31」
<size=75%>通常:形状3","「Mr.WHead-31」
<size=75%>通常:形状3"
"「Mr.WHead-30」
<size=75%>通常:形状5","「Mr.WHead-30」
<size=75%>通常:形状5","「Mr.WHead-30」
<size=75%>通常:形状5"
"「Mr.WHead-29」
<size=75%>落下:形状4","「Mr.WHead-29」
<size=75%>落下:形状4","「Mr.WHead-29」
<size=75%>落下:形状4"
"「ザコ敵-28」
<size=75%>体力:形状4","「ザコ敵-28」
<size=75%>体力:形状4","「ザコ敵-28」
<size=75%>体力:形状4"
"「ザコ敵-27」
<size=75%>体力:形状1","「ザコ敵-27」
<size=75%>体力:形状1","「ザコ敵-27」
<size=75%>体力:形状1"
"「ザコ敵-26」
<size=75%>防御:形状3","「ザコ敵-26」
<size=75%>防御:形状3","「ザコ敵-26」
<size=75%>防御:形状3"
"「Fall」
<size=75%>落下:形状5","「Fall」
<size=75%>落下:形状5","「Fall」
<size=75%>落下:形状5"
"「Fall」
<size=75%>落下:形状4","「Fall」
<size=75%>落下:形状4","「Fall」
<size=75%>落下:形状4"
"「Fall」
<size=75%>落下:形状3","「Fall」
<size=75%>落下:形状3","「Fall」
<size=75%>落下:形状3"
"「Fall」
<size=75%>落下:形状2","「Fall」
<size=75%>落下:形状2","「Fall」
<size=75%>落下:形状2"
"「Fall」
<size=75%>落下:形状1","「Fall」
<size=75%>落下:形状1","「Fall」
<size=75%>落下:形状1"
"「Skill」
<size=75%>スキル:形状1","「Skill」
<size=75%>スキル:形状1","「Skill」
<size=75%>スキル:形状1"
"「Skill」
<size=75%>スキル:形状2","「Skill」
<size=75%>スキル:形状2","「Skill」
<size=75%>スキル:形状2"
"「Skill」
<size=75%>スキル:形状3","「Skill」
<size=75%>スキル:形状3","「Skill」
<size=75%>スキル:形状3"
"「Skill」
<size=75%>スキル:形状4","「Skill」
<size=75%>スキル:形状4","「Skill」
<size=75%>スキル:形状4"
"「Skill」
<size=75%>スキル:形状5","「Skill」
<size=75%>スキル:形状5","「Skill」
<size=75%>スキル:形状5"
"「Main」
<size=75%>通常:形状5","「Main」
<size=75%>通常:形状5","「Main」
<size=75%>通常:形状5"
"「Main」
<size=75%>通常:形状4","「Main」
<size=75%>通常:形状4","「Main」
<size=75%>通常:形状4"
"「Main」
<size=75%>通常:形状3","「Main」
<size=75%>通常:形状3","「Main」
<size=75%>通常:形状3"
"「Main」
<size=75%>通常:形状2","「Main」
<size=75%>通常:形状2","「Main」
<size=75%>通常:形状2"
"「Main」
<size=75%>通常:形状1","「Main」
<size=75%>通常:形状1","「Main」
<size=75%>通常:形状1"
"「a」
<size=75%>必殺:形状5","「a」
<size=75%>必殺:形状5","「a」
<size=75%>必殺:形状5"
"「a」
<size=75%>必殺:形状4","「a」
<size=75%>必殺:形状4","「a」
<size=75%>必殺:形状4"
"「a」
<size=75%>必殺:形状3","「a」
<size=75%>必殺:形状3","「a」
<size=75%>必殺:形状3"
"「a」
<size=75%>必殺:形状2","「a」
<size=75%>必殺:形状2","「a」
<size=75%>必殺:形状2"
"「」
<size=75%>必殺:形状1","「」
<size=75%>必殺:形状1","「」
<size=75%>必殺:形状1"
"No
","No
","No
"
"「」
<size=75%>速度:形状5","「」
<size=75%>速度:形状5","「」
<size=75%>速度:形状5"
"「」
<size=75%>速度:形状4","「」
<size=75%>速度:形状4","「」
<size=75%>速度:形状4"
"「」
<size=75%>速度:形状3","「」
<size=75%>速度:形状3","「」
<size=75%>速度:形状3"
"「」
<size=75%>速度:形状2","「」
<size=75%>速度:形状2","「」
<size=75%>速度:形状2"
"「」
<size=75%>速度:形状1","「」
<size=75%>速度:形状1","「」
<size=75%>速度:形状1"
"最大HP
<size=80%>700000.0</size>
HP回復速度
<size=80%>10000.0</size>
最大MP
<size=80%>400.0</size>
MP回復速度
<size=80%>50.0</size>
SP回復速度
<size=80%>5.0</size>
SP増加量
<size=80%>100.0%</size>
攻撃力
<size=80%>110000.0</size>
防御力
<size=80%>125000.0</size>
近距離ダメージ
<size=80%>100.0%</size>
遠距離ダメージ
<size=80%>100.0%</size>
通常ダメージ
<size=80%>100.0%</size>
重撃ダメージ
<size=80%>100.0%</size>
落下ダメージ
<size=80%>100.0%</size>
スキルダメージ
<size=80%>100.0%</size>
必殺ダメージ
<size=80%>100.0%</size>","最大HP
<size=80%>700000.0</size>
HP回復速度
<size=80%>10000.0</size>
最大MP
<size=80%>400.0</size>
MP回復速度
<size=80%>50.0</size>
SP回復速度
<size=80%>5.0</size>
SP増加量
<size=80%>100.0%</size>
攻撃力
<size=80%>110000.0</size>
防御力
<size=80%>125000.0</size>
近距離ダメージ
<size=80%>100.0%</size>
遠距離ダメージ
<size=80%>100.0%</size>
通常ダメージ
<size=80%>100.0%</size>
重撃ダメージ
<size=80%>100.0%</size>
落下ダメージ
<size=80%>100.0%</size>
スキルダメージ
<size=80%>100.0%</size>
必殺ダメージ
<size=80%>100.0%</size>","最大HP
<size=80%>700000.0</size>
HP回復速度
<size=80%>10000.0</size>
最大MP
<size=80%>400.0</size>
MP回復速度
<size=80%>50.0</size>
SP回復速度
<size=80%>5.0</size>
SP増加量
<size=80%>100.0%</size>
攻撃力
<size=80%>110000.0</size>
防御力
<size=80%>125000.0</size>
近距離ダメージ
<size=80%>100.0%</size>
遠距離ダメージ
<size=80%>100.0%</size>
通常ダメージ
<size=80%>100.0%</size>
重撃ダメージ
<size=80%>100.0%</size>
落下ダメージ
<size=80%>100.0%</size>
スキルダメージ
<size=80%>100.0%</size>
必殺ダメージ
<size=80%>100.0%</size>"
"選
択
し
て
変
更","選
択
し
て
変
更","選
択
し
て
変
更"
"攻撃
パッシブ","攻撃
パッシブ","攻撃
パッシブ"
"感想
フィードバック","感想
フィードバック","感想
フィードバック"
"パ
ッ
シ
ブ","パ
ッ
シ
ブ","パ
ッ
シ
ブ"
"裏
攻
撃","裏
攻
撃","裏
攻
撃"
"表
攻
撃","表
攻
撃","表
攻
撃"
"セーブデータ
入出力","セーブデータ
入出力","セーブデータ
入出力"
"ソロ   ☆☆☆
マルチ☆☆☆","ソロ   ☆☆☆
マルチ☆☆☆","ソロ   ☆☆☆
マルチ☆☆☆"
"分岐
タイミング","分岐
タイミング","分岐
タイミング"